id_usina,medicao_data_hora,geracao_mwh,modelo,hora
PQU_DFGO_GD,2025-09-26 00:00:00,0.016662579637270823,pattern_based,0
PQU_DFGO_GD,2025-09-26 01:00:00,0.0007099917088437043,pattern_based,1
PQU_DFGO_GD,2025-09-26 02:00:00,0.010334731188125125,pattern_based,2
PQU_DFGO_GD,2025-09-26 03:00:00,0.009646639725837843,pattern_based,3
PQU_DFGO_GD,2025-09-26 04:00:00,0.029635082780846998,pattern_based,4
PQU_DFGO_GD,2025-09-26 05:00:00,0.08032651348997495,pattern_based,5
PQU_DFGO_GD,2025-09-26 06:00:00,2.329936251287929,pattern_based,6
PQU_DFGO_GD,2025-09-26 07:00:00,9.873972130476297,pattern_based,7
PQU_DFGO_GD,2025-09-26 08:00:00,17.55155129796081,pattern_based,8
PQU_DFGO_GD,2025-09-26 09:00:00,26.06223585401946,pattern_based,9
PQU_DFGO_GD,2025-09-26 10:00:00,29.314299972313663,pattern_based,10
PQU_DFGO_GD,2025-09-26 11:00:00,32.051879941749505,pattern_based,11
PQU_DFGO_GD,2025-09-26 12:00:00,29.361578810608183,pattern_based,12
PQU_DFGO_GD,2025-09-26 13:00:00,27.15041030448173,pattern_based,13
PQU_DFGO_GD,2025-09-26 14:00:00,21.692642032525317,pattern_based,14
PQU_DFGO_GD,2025-09-26 15:00:00,15.261993989776816,pattern_based,15
PQU_DFGO_GD,2025-09-26 16:00:00,7.878916663933196,pattern_based,16
PQU_DFGO_GD,2025-09-26 17:00:00,1.826308886395563,pattern_based,17
PQU_DFGO_GD,2025-09-26 18:00:00,0.026875091899832462,pattern_based,18
PQU_DFGO_GD,2025-09-26 19:00:00,0.0,pattern_based,19
PQU_DFGO_GD,2025-09-26 20:00:00,8.753436025818288e-05,pattern_based,20
PQU_DFGO_GD,2025-09-26 21:00:00,0.00016664781371543763,pattern_based,21
PQU_DFGO_GD,2025-09-26 22:00:00,0.0,pattern_based,22
PQU_DFGO_GD,2025-09-26 23:00:00,0.00027174152243672614,pattern_based,23
PQU_DFGO_GD,2025-09-27 00:00:00,0.013429290378253925,pattern_based,0
PQU_DFGO_GD,2025-09-27 01:00:00,0.011191896111773918,pattern_based,1
PQU_DFGO_GD,2025-09-27 02:00:00,0.0029190234814462776,pattern_based,2
PQU_DFGO_GD,2025-09-27 03:00:00,0.0159742902437289,pattern_based,3
PQU_DFGO_GD,2025-09-27 04:00:00,0.01731871752950208,pattern_based,4
PQU_DFGO_GD,2025-09-27 05:00:00,0.0861564018025702,pattern_based,5
PQU_DFGO_GD,2025-09-27 06:00:00,2.4344545902149375,pattern_based,6
PQU_DFGO_GD,2025-09-27 07:00:00,9.199334718956356,pattern_based,7
PQU_DFGO_GD,2025-09-27 08:00:00,17.57991602224837,pattern_based,8
PQU_DFGO_GD,2025-09-27 09:00:00,23.98318951254041,pattern_based,9
PQU_DFGO_GD,2025-09-27 10:00:00,28.56808844021586,pattern_based,10
PQU_DFGO_GD,2025-09-27 11:00:00,31.011231012068205,pattern_based,11
PQU_DFGO_GD,2025-09-27 12:00:00,29.258766846137586,pattern_based,12
PQU_DFGO_GD,2025-09-27 13:00:00,26.188271450050113,pattern_based,13
PQU_DFGO_GD,2025-09-27 14:00:00,21.256718561537344,pattern_based,14
PQU_DFGO_GD,2025-09-27 15:00:00,15.20880409518591,pattern_based,15
PQU_DFGO_GD,2025-09-27 16:00:00,7.890056864605657,pattern_based,16
PQU_DFGO_GD,2025-09-27 17:00:00,1.748199492439511,pattern_based,17
PQU_DFGO_GD,2025-09-27 18:00:00,0.04501289730167235,pattern_based,18
PQU_DFGO_GD,2025-09-27 19:00:00,0.00018924568400681708,pattern_based,19
PQU_DFGO_GD,2025-09-27 20:00:00,6.407766030249153e-05,pattern_based,20
PQU_DFGO_GD,2025-09-27 21:00:00,0.00020306274015137587,pattern_based,21
PQU_DFGO_GD,2025-09-27 22:00:00,0.00036644647068158646,pattern_based,22
PQU_DFGO_GD,2025-09-27 23:00:00,0.0,pattern_based,23
PQU_DFGO_GD,2025-09-28 00:00:00,0.02467049220317641,pattern_based,0
PQU_DFGO_GD,2025-09-28 01:00:00,0.010156724837801168,pattern_based,1
PQU_DFGO_GD,2025-09-28 02:00:00,0.0,pattern_based,2
PQU_DFGO_GD,2025-09-28 03:00:00,0.007910000984382277,pattern_based,3
PQU_DFGO_GD,2025-09-28 04:00:00,0.0,pattern_based,4
PQU_DFGO_GD,2025-09-28 05:00:00,0.04822564842017944,pattern_based,5
PQU_DFGO_GD,2025-09-28 06:00:00,2.2122763169404887,pattern_based,6
PQU_DFGO_GD,2025-09-28 07:00:00,9.661548881254266,pattern_based,7
PQU_DFGO_GD,2025-09-28 08:00:00,17.37987356191676,pattern_based,8
PQU_DFGO_GD,2025-09-28 09:00:00,24.295548981245375,pattern_based,9
PQU_DFGO_GD,2025-09-28 10:00:00,28.59481225611298,pattern_based,10
PQU_DFGO_GD,2025-09-28 11:00:00,31.713812079419128,pattern_based,11
PQU_DFGO_GD,2025-09-28 12:00:00,29.973290339876513,pattern_based,12
PQU_DFGO_GD,2025-09-28 13:00:00,27.049157454893486,pattern_based,13
PQU_DFGO_GD,2025-09-28 14:00:00,21.364380490333865,pattern_based,14
PQU_DFGO_GD,2025-09-28 15:00:00,14.480207944716783,pattern_based,15
PQU_DFGO_GD,2025-09-28 16:00:00,8.089540396128747,pattern_based,16
PQU_DFGO_GD,2025-09-28 17:00:00,1.9114239777706856,pattern_based,17
PQU_DFGO_GD,2025-09-28 18:00:00,0.036396567898797874,pattern_based,18
PQU_DFGO_GD,2025-09-28 19:00:00,0.0,pattern_based,19
PQU_DFGO_GD,2025-09-28 20:00:00,0.00035914594128535744,pattern_based,20
PQU_DFGO_GD,2025-09-28 21:00:00,0.00029290918635477314,pattern_based,21
PQU_DFGO_GD,2025-09-28 22:00:00,8.76879084490131e-05,pattern_based,22
PQU_DFGO_GD,2025-09-28 23:00:00,0.0,pattern_based,23
PQU_DFGO_GD,2025-09-29 00:00:00,0.0,pattern_based,0
PQU_DFGO_GD,2025-09-29 01:00:00,0.0046520390791383835,pattern_based,1
PQU_DFGO_GD,2025-09-29 02:00:00,0.007710678660281302,pattern_based,2
PQU_DFGO_GD,2025-09-29 03:00:00,0.0016117607025830788,pattern_based,3
PQU_DFGO_GD,2025-09-29 04:00:00,0.010116229581798763,pattern_based,4
PQU_DFGO_GD,2025-09-29 05:00:00,0.08649499948758707,pattern_based,5
PQU_DFGO_GD,2025-09-29 06:00:00,2.1504320721894907,pattern_based,6
PQU_DFGO_GD,2025-09-29 07:00:00,9.116353787995603,pattern_based,7
PQU_DFGO_GD,2025-09-29 08:00:00,17.81355972177704,pattern_based,8
PQU_DFGO_GD,2025-09-29 09:00:00,24.984446460292396,pattern_based,9
PQU_DFGO_GD,2025-09-29 10:00:00,29.1842199059584,pattern_based,10
PQU_DFGO_GD,2025-09-29 11:00:00,30.97767269818799,pattern_based,11
PQU_DFGO_GD,2025-09-29 12:00:00,27.71103651901874,pattern_based,12
PQU_DFGO_GD,2025-09-29 13:00:00,24.890265812596137,pattern_based,13
PQU_DFGO_GD,2025-09-29 14:00:00,21.577445314683295,pattern_based,14
PQU_DFGO_GD,2025-09-29 15:00:00,14.90860973517158,pattern_based,15
PQU_DFGO_GD,2025-09-29 16:00:00,7.7145744858484395,pattern_based,16
PQU_DFGO_GD,2025-09-29 17:00:00,1.9357318749618866,pattern_based,17
PQU_DFGO_GD,2025-09-29 18:00:00,0.03721658808435759,pattern_based,18
PQU_DFGO_GD,2025-09-29 19:00:00,0.000499861351866968,pattern_based,19
PQU_DFGO_GD,2025-09-29 20:00:00,0.0,pattern_based,20
PQU_DFGO_GD,2025-09-29 21:00:00,0.0,pattern_based,21
PQU_DFGO_GD,2025-09-29 22:00:00,0.0,pattern_based,22
PQU_DFGO_GD,2025-09-29 23:00:00,0.0,pattern_based,23
PQU_DFGO_GD,2025-09-30 00:00:00,0.004924730586273773,pattern_based,0
PQU_DFGO_GD,2025-09-30 01:00:00,0.0042566664567949535,pattern_based,1
PQU_DFGO_GD,2025-09-30 02:00:00,0.0,pattern_based,2
PQU_DFGO_GD,2025-09-30 03:00:00,0.0,pattern_based,3
PQU_DFGO_GD,2025-09-30 04:00:00,0.0005106391239401535,pattern_based,4
PQU_DFGO_GD,2025-09-30 05:00:00,0.04242405030803284,pattern_based,5
PQU_DFGO_GD,2025-09-30 06:00:00,2.343764386793546,pattern_based,6
PQU_DFGO_GD,2025-09-30 07:00:00,9.827555348168831,pattern_based,7
PQU_DFGO_GD,2025-09-30 08:00:00,17.900939609386665,pattern_based,8
PQU_DFGO_GD,2025-09-30 09:00:00,25.258502682208753,pattern_based,9
PQU_DFGO_GD,2025-09-30 10:00:00,29.018035060448714,pattern_based,10
PQU_DFGO_GD,2025-09-30 11:00:00,30.99968628183062,pattern_based,11
PQU_DFGO_GD,2025-09-30 12:00:00,31.208464429284046,pattern_based,12
PQU_DFGO_GD,2025-09-30 13:00:00,26.196186161920075,pattern_based,13
PQU_DFGO_GD,2025-09-30 14:00:00,21.484126154530955,pattern_based,14
PQU_DFGO_GD,2025-09-30 15:00:00,14.758783365990402,pattern_based,15
PQU_DFGO_GD,2025-09-30 16:00:00,7.729610418997898,pattern_based,16
PQU_DFGO_GD,2025-09-30 17:00:00,1.863940957288499,pattern_based,17
PQU_DFGO_GD,2025-09-30 18:00:00,0.04867645608815715,pattern_based,18
PQU_DFGO_GD,2025-09-30 19:00:00,9.10966300934133e-05,pattern_based,19
PQU_DFGO_GD,2025-09-30 20:00:00,0.0002240370061137613,pattern_based,20
PQU_DFGO_GD,2025-09-30 21:00:00,0.0003452246032799716,pattern_based,21
PQU_DFGO_GD,2025-09-30 22:00:00,0.00025415674311569985,pattern_based,22
PQU_DFGO_GD,2025-09-30 23:00:00,0.00010499613515433535,pattern_based,23
PQU_DFGO_GD,2025-10-01 00:00:00,0.0022612291993753444,pattern_based,0
PQU_DFGO_GD,2025-10-01 01:00:00,0.006189751749894628,pattern_based,1
PQU_DFGO_GD,2025-10-01 02:00:00,0.01052864570416372,pattern_based,2
PQU_DFGO_GD,2025-10-01 03:00:00,0.007621505473052702,pattern_based,3
PQU_DFGO_GD,2025-10-01 04:00:00,0.0061975573995994284,pattern_based,4
PQU_DFGO_GD,2025-10-01 05:00:00,0.071776024492588,pattern_based,5
PQU_DFGO_GD,2025-10-01 06:00:00,2.331751240971802,pattern_based,6
PQU_DFGO_GD,2025-10-01 07:00:00,9.932754010790122,pattern_based,7
PQU_DFGO_GD,2025-10-01 08:00:00,17.804555814205408,pattern_based,8
PQU_DFGO_GD,2025-10-01 09:00:00,24.299971207990808,pattern_based,9
PQU_DFGO_GD,2025-10-01 10:00:00,29.410982045849575,pattern_based,10
PQU_DFGO_GD,2025-10-01 11:00:00,30.504654442942087,pattern_based,11
PQU_DFGO_GD,2025-10-01 12:00:00,29.70095542755271,pattern_based,12
PQU_DFGO_GD,2025-10-01 13:00:00,26.89338915473875,pattern_based,13
PQU_DFGO_GD,2025-10-01 14:00:00,22.10300108257619,pattern_based,14
PQU_DFGO_GD,2025-10-01 15:00:00,14.592885377182682,pattern_based,15
PQU_DFGO_GD,2025-10-01 16:00:00,7.636071856837603,pattern_based,16
PQU_DFGO_GD,2025-10-01 17:00:00,1.8727744183425608,pattern_based,17
PQU_DFGO_GD,2025-10-01 18:00:00,0.03433777480950044,pattern_based,18
PQU_DFGO_GD,2025-10-01 19:00:00,0.0001843775504834513,pattern_based,19
PQU_DFGO_GD,2025-10-01 20:00:00,0.00016501154131867194,pattern_based,20
PQU_DFGO_GD,2025-10-01 21:00:00,0.00015229772393543793,pattern_based,21
PQU_DFGO_GD,2025-10-01 22:00:00,0.0,pattern_based,22
PQU_DFGO_GD,2025-10-01 23:00:00,0.0001204219561186353,pattern_based,23
PQU_DFGO_GD,2025-10-02 00:00:00,0.0,pattern_based,0
PQU_DFGO_GD,2025-10-02 01:00:00,0.010389181838242521,pattern_based,1
PQU_DFGO_GD,2025-10-02 02:00:00,0.0034629416707786546,pattern_based,2
PQU_DFGO_GD,2025-10-02 03:00:00,0.0,pattern_based,3
PQU_DFGO_GD,2025-10-02 04:00:00,0.006996267817598458,pattern_based,4
PQU_DFGO_GD,2025-10-02 05:00:00,0.0651168268537171,pattern_based,5
PQU_DFGO_GD,2025-10-02 06:00:00,2.208806107010971,pattern_based,6
PQU_DFGO_GD,2025-10-02 07:00:00,9.827522190536765,pattern_based,7
PQU_DFGO_GD,2025-10-02 08:00:00,17.777848966796633,pattern_based,8
PQU_DFGO_GD,2025-10-02 09:00:00,24.55516542078999,pattern_based,9
PQU_DFGO_GD,2025-10-02 10:00:00,28.066352032349034,pattern_based,10
PQU_DFGO_GD,2025-10-02 11:00:00,30.962565289461438,pattern_based,11
PQU_DFGO_GD,2025-10-02 12:00:00,29.618754202996048,pattern_based,12
PQU_DFGO_GD,2025-10-02 13:00:00,25.174145539597987,pattern_based,13
PQU_DFGO_GD,2025-10-02 14:00:00,21.107244238460343,pattern_based,14
PQU_DFGO_GD,2025-10-02 15:00:00,14.59894698935544,pattern_based,15
PQU_DFGO_GD,2025-10-02 16:00:00,8.002245063819379,pattern_based,16
PQU_DFGO_GD,2025-10-02 17:00:00,2.0179681018845903,pattern_based,17
PQU_DFGO_GD,2025-10-02 18:00:00,0.04083539897878397,pattern_based,18
PQU_DFGO_GD,2025-10-02 19:00:00,6.426933718814559e-05,pattern_based,19
PQU_DFGO_GD,2025-10-02 20:00:00,0.0002904666017920639,pattern_based,20
PQU_DFGO_GD,2025-10-02 21:00:00,0.00013713396114742129,pattern_based,21
PQU_DFGO_GD,2025-10-02 22:00:00,7.303985714679964e-05,pattern_based,22
PQU_DFGO_GD,2025-10-02 23:00:00,1.4418595953668287e-05,pattern_based,23
PQU_DFGO_GD,2025-10-03 00:00:00,0.0131386429288716,pattern_based,0
PQU_DFGO_GD,2025-10-03 01:00:00,0.012193453704502082,pattern_based,1
PQU_DFGO_GD,2025-10-03 02:00:00,0.016502396538650824,pattern_based,2
PQU_DFGO_GD,2025-10-03 03:00:00,0.0,pattern_based,3
PQU_DFGO_GD,2025-10-03 04:00:00,0.0,pattern_based,4
PQU_DFGO_GD,2025-10-03 05:00:00,0.04758258975780857,pattern_based,5
PQU_DFGO_GD,2025-10-03 06:00:00,2.3974556999662027,pattern_based,6
PQU_DFGO_GD,2025-10-03 07:00:00,9.815697062441652,pattern_based,7
PQU_DFGO_GD,2025-10-03 08:00:00,17.32885332278164,pattern_based,8
PQU_DFGO_GD,2025-10-03 09:00:00,23.372272135569144,pattern_based,9
PQU_DFGO_GD,2025-10-03 10:00:00,29.84861504037222,pattern_based,10
PQU_DFGO_GD,2025-10-03 11:00:00,31.727896329330612,pattern_based,11
PQU_DFGO_GD,2025-10-03 12:00:00,30.285808711240218,pattern_based,12
PQU_DFGO_GD,2025-10-03 13:00:00,26.971778488495694,pattern_based,13
PQU_DFGO_GD,2025-10-03 14:00:00,22.00100307574285,pattern_based,14
PQU_DFGO_GD,2025-10-03 15:00:00,14.948546613337957,pattern_based,15
PQU_DFGO_GD,2025-10-03 16:00:00,7.870886446597416,pattern_based,16
PQU_DFGO_GD,2025-10-03 17:00:00,1.9561733551710954,pattern_based,17
PQU_DFGO_GD,2025-10-03 18:00:00,0.04639860904348556,pattern_based,18
PQU_DFGO_GD,2025-10-03 19:00:00,0.0003892275987787021,pattern_based,19
PQU_DFGO_GD,2025-10-03 20:00:00,0.00012346703729149383,pattern_based,20
PQU_DFGO_GD,2025-10-03 21:00:00,0.00039201015514101563,pattern_based,21
PQU_DFGO_GD,2025-10-03 22:00:00,0.00032720339464650783,pattern_based,22
PQU_DFGO_GD,2025-10-03 23:00:00,0.00034221926906564904,pattern_based,23
PQU_DFGO_GD,2025-10-04 00:00:00,0.0017690409414212772,pattern_based,0
PQU_DFGO_GD,2025-10-04 01:00:00,0.0,pattern_based,1
PQU_DFGO_GD,2025-10-04 02:00:00,0.006116679396114899,pattern_based,2
PQU_DFGO_GD,2025-10-04 03:00:00,0.014237197459379493,pattern_based,3
PQU_DFGO_GD,2025-10-04 04:00:00,0.027344633468762633,pattern_based,4
PQU_DFGO_GD,2025-10-04 05:00:00,0.0799074342466235,pattern_based,5
PQU_DFGO_GD,2025-10-04 06:00:00,2.3750227051846897,pattern_based,6
PQU_DFGO_GD,2025-10-04 07:00:00,9.349085020515306,pattern_based,7
PQU_DFGO_GD,2025-10-04 08:00:00,17.3267827273175,pattern_based,8
PQU_DFGO_GD,2025-10-04 09:00:00,24.701266279725175,pattern_based,9
PQU_DFGO_GD,2025-10-04 10:00:00,29.644468668211587,pattern_based,10
PQU_DFGO_GD,2025-10-04 11:00:00,31.008046788654685,pattern_based,11
PQU_DFGO_GD,2025-10-04 12:00:00,29.8757030737184,pattern_based,12
PQU_DFGO_GD,2025-10-04 13:00:00,27.430667306585427,pattern_based,13
PQU_DFGO_GD,2025-10-04 14:00:00,21.745533844525056,pattern_based,14
PQU_DFGO_GD,2025-10-04 15:00:00,15.260761014563451,pattern_based,15
PQU_DFGO_GD,2025-10-04 16:00:00,7.923771012841072,pattern_based,16
PQU_DFGO_GD,2025-10-04 17:00:00,1.8918134363900894,pattern_based,17
PQU_DFGO_GD,2025-10-04 18:00:00,0.023456445487570612,pattern_based,18
PQU_DFGO_GD,2025-10-04 19:00:00,3.004137200886297e-05,pattern_based,19
PQU_DFGO_GD,2025-10-04 20:00:00,0.00019977184670981452,pattern_based,20
PQU_DFGO_GD,2025-10-04 21:00:00,0.00017882147251285167,pattern_based,21
PQU_DFGO_GD,2025-10-04 22:00:00,3.438422533512567e-05,pattern_based,22
PQU_DFGO_GD,2025-10-04 23:00:00,0.0,pattern_based,23
PQU_DFGO_GD,2025-10-05 00:00:00,0.0039035479074346745,pattern_based,0
PQU_DFGO_GD,2025-10-05 01:00:00,0.0,pattern_based,1
PQU_DFGO_GD,2025-10-05 02:00:00,0.022850371228095884,pattern_based,2
PQU_DFGO_GD,2025-10-05 03:00:00,0.009260375907626866,pattern_based,3
PQU_DFGO_GD,2025-10-05 04:00:00,0.0,pattern_based,4
PQU_DFGO_GD,2025-10-05 05:00:00,0.06916494323671411,pattern_based,5
PQU_DFGO_GD,2025-10-05 06:00:00,2.23857718037814,pattern_based,6
PQU_DFGO_GD,2025-10-05 07:00:00,9.580716881388856,pattern_based,7
PQU_DFGO_GD,2025-10-05 08:00:00,17.679118172133432,pattern_based,8
PQU_DFGO_GD,2025-10-05 09:00:00,24.10015656362223,pattern_based,9
PQU_DFGO_GD,2025-10-05 10:00:00,29.068069806814623,pattern_based,10
PQU_DFGO_GD,2025-10-05 11:00:00,31.80468459457238,pattern_based,11
PQU_DFGO_GD,2025-10-05 12:00:00,29.995708779316537,pattern_based,12
PQU_DFGO_GD,2025-10-05 13:00:00,26.94374584432059,pattern_based,13
PQU_DFGO_GD,2025-10-05 14:00:00,22.15447297756718,pattern_based,14
PQU_DFGO_GD,2025-10-05 15:00:00,15.404563410941044,pattern_based,15
PQU_DFGO_GD,2025-10-05 16:00:00,7.451411948847167,pattern_based,16
PQU_DFGO_GD,2025-10-05 17:00:00,1.9852334685477206,pattern_based,17
PQU_DFGO_GD,2025-10-05 18:00:00,0.05259575302724156,pattern_based,18
PQU_DFGO_GD,2025-10-05 19:00:00,0.0003298390398602106,pattern_based,19
PQU_DFGO_GD,2025-10-05 20:00:00,0.00014525698939433303,pattern_based,20
PQU_DFGO_GD,2025-10-05 21:00:00,0.00014038809267578087,pattern_based,21
PQU_DFGO_GD,2025-10-05 22:00:00,0.00031364702705801014,pattern_based,22
PQU_DFGO_GD,2025-10-05 23:00:00,0.00010132616633495708,pattern_based,23
PQU_DFGO_GD,2025-10-06 00:00:00,0.0,pattern_based,0
PQU_DFGO_GD,2025-10-06 01:00:00,0.0,pattern_based,1
PQU_DFGO_GD,2025-10-06 02:00:00,0.009641351434222836,pattern_based,2
PQU_DFGO_GD,2025-10-06 03:00:00,0.01644467573519679,pattern_based,3
PQU_DFGO_GD,2025-10-06 04:00:00,0.03847133481638619,pattern_based,4
PQU_DFGO_GD,2025-10-06 05:00:00,0.07447281185231752,pattern_based,5
PQU_DFGO_GD,2025-10-06 06:00:00,2.4192828891575213,pattern_based,6
PQU_DFGO_GD,2025-10-06 07:00:00,9.125424890875575,pattern_based,7
PQU_DFGO_GD,2025-10-06 08:00:00,18.04159114368259,pattern_based,8
PQU_DFGO_GD,2025-10-06 09:00:00,24.23510415898901,pattern_based,9
PQU_DFGO_GD,2025-10-06 10:00:00,29.453463025775015,pattern_based,10
PQU_DFGO_GD,2025-10-06 11:00:00,31.711804625542324,pattern_based,11
PQU_DFGO_GD,2025-10-06 12:00:00,27.958725625346613,pattern_based,12
PQU_DFGO_GD,2025-10-06 13:00:00,26.751615223340764,pattern_based,13
PQU_DFGO_GD,2025-10-06 14:00:00,21.0963918370387,pattern_based,14
PQU_DFGO_GD,2025-10-06 15:00:00,14.340284675574313,pattern_based,15
PQU_DFGO_GD,2025-10-06 16:00:00,7.703354790884054,pattern_based,16
PQU_DFGO_GD,2025-10-06 17:00:00,2.0500069562905585,pattern_based,17
PQU_DFGO_GD,2025-10-06 18:00:00,0.022438504964189542,pattern_based,18
PQU_DFGO_GD,2025-10-06 19:00:00,0.00036939288485066547,pattern_based,19
PQU_DFGO_GD,2025-10-06 20:00:00,4.410918848221854e-05,pattern_based,20
PQU_DFGO_GD,2025-10-06 21:00:00,0.00021481880588231338,pattern_based,21
PQU_DFGO_GD,2025-10-06 22:00:00,0.00011044187711168121,pattern_based,22
PQU_DFGO_GD,2025-10-06 23:00:00,0.0003954631942939832,pattern_based,23
PQU_DFGO_GD,2025-10-07 00:00:00,0.018328542105623836,pattern_based,0
PQU_DFGO_GD,2025-10-07 01:00:00,0.0016017475839679102,pattern_based,1
PQU_DFGO_GD,2025-10-07 02:00:00,0.018293699525562354,pattern_based,2
PQU_DFGO_GD,2025-10-07 03:00:00,0.011786259443443754,pattern_based,3
PQU_DFGO_GD,2025-10-07 04:00:00,0.007953759006666714,pattern_based,4
PQU_DFGO_GD,2025-10-07 05:00:00,0.0749326144694935,pattern_based,5
PQU_DFGO_GD,2025-10-07 06:00:00,2.2976970962832355,pattern_based,6
PQU_DFGO_GD,2025-10-07 07:00:00,10.032724913907204,pattern_based,7
PQU_DFGO_GD,2025-10-07 08:00:00,17.707630045282773,pattern_based,8
PQU_DFGO_GD,2025-10-07 09:00:00,23.951312267675764,pattern_based,9
PQU_DFGO_GD,2025-10-07 10:00:00,29.385977672214224,pattern_based,10
PQU_DFGO_GD,2025-10-07 11:00:00,30.84727295045956,pattern_based,11
PQU_DFGO_GD,2025-10-07 12:00:00,28.913008613976114,pattern_based,12
PQU_DFGO_GD,2025-10-07 13:00:00,26.882550864028538,pattern_based,13
PQU_DFGO_GD,2025-10-07 14:00:00,20.40641989795951,pattern_based,14
PQU_DFGO_GD,2025-10-07 15:00:00,15.076129690017579,pattern_based,15
PQU_DFGO_GD,2025-10-07 16:00:00,8.019392091724972,pattern_based,16
PQU_DFGO_GD,2025-10-07 17:00:00,1.857163000452338,pattern_based,17
PQU_DFGO_GD,2025-10-07 18:00:00,0.04278790817613659,pattern_based,18
PQU_DFGO_GD,2025-10-07 19:00:00,2.3402218630507243e-05,pattern_based,19
PQU_DFGO_GD,2025-10-07 20:00:00,0.000186428614967168,pattern_based,20
PQU_DFGO_GD,2025-10-07 21:00:00,0.0004089255596458779,pattern_based,21
PQU_DFGO_GD,2025-10-07 22:00:00,0.00017381177944516475,pattern_based,22
PQU_DFGO_GD,2025-10-07 23:00:00,0.00033108535733607713,pattern_based,23
PQU_DFGO_GD,2025-10-08 00:00:00,0.0026619527444920995,pattern_based,0
PQU_DFGO_GD,2025-10-08 01:00:00,0.0,pattern_based,1
PQU_DFGO_GD,2025-10-08 02:00:00,0.0,pattern_based,2
PQU_DFGO_GD,2025-10-08 03:00:00,0.0,pattern_based,3
PQU_DFGO_GD,2025-10-08 04:00:00,0.004111913950032957,pattern_based,4
PQU_DFGO_GD,2025-10-08 05:00:00,0.04600683220814847,pattern_based,5
PQU_DFGO_GD,2025-10-08 06:00:00,2.1197683085958836,pattern_based,6
PQU_DFGO_GD,2025-10-08 07:00:00,9.58935106717314,pattern_based,7
PQU_DFGO_GD,2025-10-08 08:00:00,18.469043292671323,pattern_based,8
PQU_DFGO_GD,2025-10-08 09:00:00,23.540402366337293,pattern_based,9
PQU_DFGO_GD,2025-10-08 10:00:00,29.819082986798513,pattern_based,10
PQU_DFGO_GD,2025-10-08 11:00:00,32.17082342567205,pattern_based,11
PQU_DFGO_GD,2025-10-08 12:00:00,30.184311846336172,pattern_based,12
PQU_DFGO_GD,2025-10-08 13:00:00,27.45972362724479,pattern_based,13
PQU_DFGO_GD,2025-10-08 14:00:00,20.62568244117982,pattern_based,14
PQU_DFGO_GD,2025-10-08 15:00:00,15.256750317777453,pattern_based,15
PQU_DFGO_GD,2025-10-08 16:00:00,7.656530152518308,pattern_based,16
PQU_DFGO_GD,2025-10-08 17:00:00,1.7390753215402706,pattern_based,17
PQU_DFGO_GD,2025-10-08 18:00:00,0.03347574574134085,pattern_based,18
PQU_DFGO_GD,2025-10-08 19:00:00,0.0,pattern_based,19
PQU_DFGO_GD,2025-10-08 20:00:00,0.0,pattern_based,20
PQU_DFGO_GD,2025-10-08 21:00:00,0.00034840499707369723,pattern_based,21
PQU_DFGO_GD,2025-10-08 22:00:00,0.0002977592398202331,pattern_based,22
PQU_DFGO_GD,2025-10-08 23:00:00,0.00020258211296162772,pattern_based,23
PQU_DFGO_GD,2025-10-09 00:00:00,0.0006698251015402508,pattern_based,0
PQU_DFGO_GD,2025-10-09 01:00:00,0.0,pattern_based,1
PQU_DFGO_GD,2025-10-09 02:00:00,0.0,pattern_based,2
PQU_DFGO_GD,2025-10-09 03:00:00,0.0069181022022548905,pattern_based,3
PQU_DFGO_GD,2025-10-09 04:00:00,0.0065798872438379485,pattern_based,4
PQU_DFGO_GD,2025-10-09 05:00:00,0.06486542152009539,pattern_based,5
PQU_DFGO_GD,2025-10-09 06:00:00,2.348330849347534,pattern_based,6
PQU_DFGO_GD,2025-10-09 07:00:00,9.595495239008601,pattern_based,7
PQU_DFGO_GD,2025-10-09 08:00:00,17.022773489754847,pattern_based,8
PQU_DFGO_GD,2025-10-09 09:00:00,25.2961833127432,pattern_based,9
PQU_DFGO_GD,2025-10-09 10:00:00,29.427294373251506,pattern_based,10
PQU_DFGO_GD,2025-10-09 11:00:00,30.99990291320412,pattern_based,11
PQU_DFGO_GD,2025-10-09 12:00:00,30.77286957691108,pattern_based,12
PQU_DFGO_GD,2025-10-09 13:00:00,26.597548078504968,pattern_based,13
PQU_DFGO_GD,2025-10-09 14:00:00,21.501174328973875,pattern_based,14
PQU_DFGO_GD,2025-10-09 15:00:00,15.049214328225965,pattern_based,15
PQU_DFGO_GD,2025-10-09 16:00:00,8.556199058404948,pattern_based,16
PQU_DFGO_GD,2025-10-09 17:00:00,1.93891900905881,pattern_based,17
PQU_DFGO_GD,2025-10-09 18:00:00,0.028212013526396323,pattern_based,18
PQU_DFGO_GD,2025-10-09 19:00:00,0.0,pattern_based,19
PQU_DFGO_GD,2025-10-09 20:00:00,0.00010770297999744208,pattern_based,20
PQU_DFGO_GD,2025-10-09 21:00:00,3.410465781726596e-05,pattern_based,21
PQU_DFGO_GD,2025-10-09 22:00:00,0.0001825575763721378,pattern_based,22
PQU_DFGO_GD,2025-10-09 23:00:00,0.0003199407816661721,pattern_based,23
PQU_DFGO_GD,2025-10-10 00:00:00,0.0032257837009136304,pattern_based,0
PQU_DFGO_GD,2025-10-10 01:00:00,0.0,pattern_based,1
PQU_DFGO_GD,2025-10-10 02:00:00,0.018020451259556723,pattern_based,2
PQU_DFGO_GD,2025-10-10 03:00:00,0.000402002143813706,pattern_based,3
PQU_DFGO_GD,2025-10-10 04:00:00,0.010901235046077686,pattern_based,4
PQU_DFGO_GD,2025-10-10 05:00:00,0.06807079573314945,pattern_based,5
PQU_DFGO_GD,2025-10-10 06:00:00,2.3592140583345547,pattern_based,6
PQU_DFGO_GD,2025-10-10 07:00:00,9.277757734862282,pattern_based,7
PQU_DFGO_GD,2025-10-10 08:00:00,17.31248631516378,pattern_based,8
PQU_DFGO_GD,2025-10-10 09:00:00,24.417871639566055,pattern_based,9
PQU_DFGO_GD,2025-10-10 10:00:00,28.261520743262423,pattern_based,10
PQU_DFGO_GD,2025-10-10 11:00:00,30.503361327051522,pattern_based,11
PQU_DFGO_GD,2025-10-10 12:00:00,29.356000787153516,pattern_based,12
PQU_DFGO_GD,2025-10-10 13:00:00,25.70617782046042,pattern_based,13
PQU_DFGO_GD,2025-10-10 14:00:00,20.84355992836005,pattern_based,14
PQU_DFGO_GD,2025-10-10 15:00:00,14.940754776526612,pattern_based,15
PQU_DFGO_GD,2025-10-10 16:00:00,8.022814977726235,pattern_based,16
PQU_DFGO_GD,2025-10-10 17:00:00,1.8511804413516049,pattern_based,17
PQU_DFGO_GD,2025-10-10 18:00:00,0.0473994459677604,pattern_based,18
PQU_DFGO_GD,2025-10-10 19:00:00,0.0,pattern_based,19
PQU_DFGO_GD,2025-10-10 20:00:00,0.0,pattern_based,20
PQU_DFGO_GD,2025-10-10 21:00:00,0.0,pattern_based,21
PQU_DFGO_GD,2025-10-10 22:00:00,0.00020758775714523926,pattern_based,22
PQU_DFGO_GD,2025-10-10 23:00:00,0.0,pattern_based,23
PQU_DFGO_GD,2025-10-11 00:00:00,0.005383190770605723,pattern_based,0
PQU_DFGO_GD,2025-10-11 01:00:00,0.0,pattern_based,1
PQU_DFGO_GD,2025-10-11 02:00:00,0.0,pattern_based,2
PQU_DFGO_GD,2025-10-11 03:00:00,0.0,pattern_based,3
PQU_DFGO_GD,2025-10-11 04:00:00,0.0020126340906978417,pattern_based,4
PQU_DFGO_GD,2025-10-11 05:00:00,0.05852953575280382,pattern_based,5
PQU_DFGO_GD,2025-10-11 06:00:00,2.2371062392198913,pattern_based,6
PQU_DFGO_GD,2025-10-11 07:00:00,9.439087741737213,pattern_based,7
PQU_DFGO_GD,2025-10-11 08:00:00,17.80570276131238,pattern_based,8
PQU_DFGO_GD,2025-10-11 09:00:00,23.945970412245536,pattern_based,9
PQU_DFGO_GD,2025-10-11 10:00:00,29.37722836166824,pattern_based,10
PQU_DFGO_GD,2025-10-11 11:00:00,30.946939003161987,pattern_based,11
PQU_DFGO_GD,2025-10-11 12:00:00,29.96089340866422,pattern_based,12
PQU_DFGO_GD,2025-10-11 13:00:00,24.985531471710935,pattern_based,13
PQU_DFGO_GD,2025-10-11 14:00:00,21.294217880233184,pattern_based,14
PQU_DFGO_GD,2025-10-11 15:00:00,14.610322229674043,pattern_based,15
PQU_DFGO_GD,2025-10-11 16:00:00,7.89053410695907,pattern_based,16
PQU_DFGO_GD,2025-10-11 17:00:00,1.9653334647289447,pattern_based,17
PQU_DFGO_GD,2025-10-11 18:00:00,0.019374800523573998,pattern_based,18
PQU_DFGO_GD,2025-10-11 19:00:00,0.00013402464446830785,pattern_based,19
PQU_DFGO_GD,2025-10-11 20:00:00,0.00015385803112286366,pattern_based,20
PQU_DFGO_GD,2025-10-11 21:00:00,0.0,pattern_based,21
PQU_DFGO_GD,2025-10-11 22:00:00,0.0,pattern_based,22
PQU_DFGO_GD,2025-10-11 23:00:00,0.0,pattern_based,23
PQU_DFGO_GD,2025-10-12 00:00:00,0.0,pattern_based,0
PQU_DFGO_GD,2025-10-12 01:00:00,0.0,pattern_based,1
PQU_DFGO_GD,2025-10-12 02:00:00,0.021591109246625405,pattern_based,2
PQU_DFGO_GD,2025-10-12 03:00:00,0.011605724353448033,pattern_based,3
PQU_DFGO_GD,2025-10-12 04:00:00,0.004951758555514134,pattern_based,4
PQU_DFGO_GD,2025-10-12 05:00:00,0.07471874255832862,pattern_based,5
PQU_DFGO_GD,2025-10-12 06:00:00,2.315981523603858,pattern_based,6
PQU_DFGO_GD,2025-10-12 07:00:00,9.624306654253468,pattern_based,7
PQU_DFGO_GD,2025-10-12 08:00:00,16.69590541443246,pattern_based,8
PQU_DFGO_GD,2025-10-12 09:00:00,24.663790341528085,pattern_based,9
PQU_DFGO_GD,2025-10-12 10:00:00,27.768232194407307,pattern_based,10
PQU_DFGO_GD,2025-10-12 11:00:00,30.37623338077455,pattern_based,11
PQU_DFGO_GD,2025-10-12 12:00:00,28.67799271661912,pattern_based,12
PQU_DFGO_GD,2025-10-12 13:00:00,27.56953212576373,pattern_based,13
PQU_DFGO_GD,2025-10-12 14:00:00,21.964813251522497,pattern_based,14
PQU_DFGO_GD,2025-10-12 15:00:00,14.668731129952075,pattern_based,15
PQU_DFGO_GD,2025-10-12 16:00:00,8.225825677940236,pattern_based,16
PQU_DFGO_GD,2025-10-12 17:00:00,1.9179603900147522,pattern_based,17
PQU_DFGO_GD,2025-10-12 18:00:00,0.037074831910640635,pattern_based,18
PQU_DFGO_GD,2025-10-12 19:00:00,0.00040056459959146595,pattern_based,19
PQU_DFGO_GD,2025-10-12 20:00:00,8.869422698505647e-05,pattern_based,20
PQU_DFGO_GD,2025-10-12 21:00:00,0.00022379141707065258,pattern_based,21
PQU_DFGO_GD,2025-10-12 22:00:00,0.0,pattern_based,22
PQU_DFGO_GD,2025-10-12 23:00:00,0.00011571078132685864,pattern_based,23
PQU_DFGO_GD,2025-10-13 00:00:00,0.004038279423455396,pattern_based,0
PQU_DFGO_GD,2025-10-13 01:00:00,0.0,pattern_based,1
PQU_DFGO_GD,2025-10-13 02:00:00,0.005519662447524093,pattern_based,2
PQU_DFGO_GD,2025-10-13 03:00:00,0.001041883587150543,pattern_based,3
PQU_DFGO_GD,2025-10-13 04:00:00,0.016496530383758038,pattern_based,4
PQU_DFGO_GD,2025-10-13 05:00:00,0.08592784541692919,pattern_based,5
PQU_DFGO_GD,2025-10-13 06:00:00,2.414857250972471,pattern_based,6
PQU_DFGO_GD,2025-10-13 07:00:00,9.725404966963465,pattern_based,7
PQU_DFGO_GD,2025-10-13 08:00:00,17.675178737066908,pattern_based,8
PQU_DFGO_GD,2025-10-13 09:00:00,25.187727937306764,pattern_based,9
PQU_DFGO_GD,2025-10-13 10:00:00,29.630647314137704,pattern_based,10
PQU_DFGO_GD,2025-10-13 11:00:00,32.19836887053552,pattern_based,11
PQU_DFGO_GD,2025-10-13 12:00:00,29.752504960879826,pattern_based,12
PQU_DFGO_GD,2025-10-13 13:00:00,25.25307886060656,pattern_based,13
PQU_DFGO_GD,2025-10-13 14:00:00,20.641748682972366,pattern_based,14
PQU_DFGO_GD,2025-10-13 15:00:00,15.200710671661225,pattern_based,15
PQU_DFGO_GD,2025-10-13 16:00:00,7.797660258751541,pattern_based,16
PQU_DFGO_GD,2025-10-13 17:00:00,1.9725887375924436,pattern_based,17
PQU_DFGO_GD,2025-10-13 18:00:00,0.03460800080354725,pattern_based,18
PQU_DFGO_GD,2025-10-13 19:00:00,0.0001496731294099067,pattern_based,19
PQU_DFGO_GD,2025-10-13 20:00:00,0.0002777583238139824,pattern_based,20
PQU_DFGO_GD,2025-10-13 21:00:00,0.0,pattern_based,21
PQU_DFGO_GD,2025-10-13 22:00:00,2.722429622626286e-05,pattern_based,22
PQU_DFGO_GD,2025-10-13 23:00:00,5.0907001586925746e-05,pattern_based,23
PQU_DFGO_GD,2025-10-14 00:00:00,0.009055799594064063,pattern_based,0
PQU_DFGO_GD,2025-10-14 01:00:00,0.016807544432115275,pattern_based,1
PQU_DFGO_GD,2025-10-14 02:00:00,0.0,pattern_based,2
PQU_DFGO_GD,2025-10-14 03:00:00,0.020293461512664847,pattern_based,3
PQU_DFGO_GD,2025-10-14 04:00:00,0.004196439499413792,pattern_based,4
PQU_DFGO_GD,2025-10-14 05:00:00,0.07025615704443136,pattern_based,5
PQU_DFGO_GD,2025-10-14 06:00:00,2.429721999410764,pattern_based,6
PQU_DFGO_GD,2025-10-14 07:00:00,10.038380904369449,pattern_based,7
PQU_DFGO_GD,2025-10-14 08:00:00,17.96347141472135,pattern_based,8
PQU_DFGO_GD,2025-10-14 09:00:00,24.397330585243175,pattern_based,9
PQU_DFGO_GD,2025-10-14 10:00:00,29.191132153413978,pattern_based,10
PQU_DFGO_GD,2025-10-14 11:00:00,30.73573221810006,pattern_based,11
PQU_DFGO_GD,2025-10-14 12:00:00,31.291686240504777,pattern_based,12
PQU_DFGO_GD,2025-10-14 13:00:00,28.048167345705753,pattern_based,13
PQU_DFGO_GD,2025-10-14 14:00:00,20.77998950935354,pattern_based,14
PQU_DFGO_GD,2025-10-14 15:00:00,15.143059015486642,pattern_based,15
PQU_DFGO_GD,2025-10-14 16:00:00,7.93543532432138,pattern_based,16
PQU_DFGO_GD,2025-10-14 17:00:00,1.9162292716565237,pattern_based,17
PQU_DFGO_GD,2025-10-14 18:00:00,0.02611170883640386,pattern_based,18
PQU_DFGO_GD,2025-10-14 19:00:00,0.0,pattern_based,19
PQU_DFGO_GD,2025-10-14 20:00:00,0.00021933429265924125,pattern_based,20
PQU_DFGO_GD,2025-10-14 21:00:00,0.0,pattern_based,21
PQU_DFGO_GD,2025-10-14 22:00:00,8.446079627676267e-05,pattern_based,22
PQU_DFGO_GD,2025-10-14 23:00:00,3.422157727196139e-05,pattern_based,23
PQU_DFGO_GD,2025-10-15 00:00:00,0.014492572828211706,pattern_based,0
PQU_DFGO_GD,2025-10-15 01:00:00,0.0,pattern_based,1
PQU_DFGO_GD,2025-10-15 02:00:00,0.0009789736603754672,pattern_based,2
PQU_DFGO_GD,2025-10-15 03:00:00,0.002887505889191127,pattern_based,3
PQU_DFGO_GD,2025-10-15 04:00:00,0.008661769160468536,pattern_based,4
PQU_DFGO_GD,2025-10-15 05:00:00,0.07102216531735654,pattern_based,5
PQU_DFGO_GD,2025-10-15 06:00:00,2.4543096986546016,pattern_based,6
PQU_DFGO_GD,2025-10-15 07:00:00,9.339339832297739,pattern_based,7
PQU_DFGO_GD,2025-10-15 08:00:00,17.40290675996325,pattern_based,8
PQU_DFGO_GD,2025-10-15 09:00:00,24.19270595092567,pattern_based,9
PQU_DFGO_GD,2025-10-15 10:00:00,29.09929232620689,pattern_based,10
PQU_DFGO_GD,2025-10-15 11:00:00,31.103178268047536,pattern_based,11
PQU_DFGO_GD,2025-10-15 12:00:00,31.788741441409858,pattern_based,12
PQU_DFGO_GD,2025-10-15 13:00:00,26.190032430234115,pattern_based,13
PQU_DFGO_GD,2025-10-15 14:00:00,21.864740848988674,pattern_based,14
PQU_DFGO_GD,2025-10-15 15:00:00,15.241734623881051,pattern_based,15
PQU_DFGO_GD,2025-10-15 16:00:00,7.870385317125129,pattern_based,16
PQU_DFGO_GD,2025-10-15 17:00:00,2.004883392210403,pattern_based,17
PQU_DFGO_GD,2025-10-15 18:00:00,0.030819739217728646,pattern_based,18
PQU_DFGO_GD,2025-10-15 19:00:00,0.0,pattern_based,19
PQU_DFGO_GD,2025-10-15 20:00:00,6.798683430039397e-05,pattern_based,20
PQU_DFGO_GD,2025-10-15 21:00:00,0.0002921054340464833,pattern_based,21
PQU_DFGO_GD,2025-10-15 22:00:00,7.679738927278396e-05,pattern_based,22
PQU_DFGO_GD,2025-10-15 23:00:00,0.0003462975598601357,pattern_based,23
PQU_DFGO_GD,2025-10-16 00:00:00,0.021427031547516222,pattern_based,0
PQU_DFGO_GD,2025-10-16 01:00:00,0.0,pattern_based,1
PQU_DFGO_GD,2025-10-16 02:00:00,0.0081556767295801,pattern_based,2
PQU_DFGO_GD,2025-10-16 03:00:00,0.0,pattern_based,3
PQU_DFGO_GD,2025-10-16 04:00:00,0.0,pattern_based,4
PQU_DFGO_GD,2025-10-16 05:00:00,0.08699415053869579,pattern_based,5
PQU_DFGO_GD,2025-10-16 06:00:00,2.201845696480282,pattern_based,6
PQU_DFGO_GD,2025-10-16 07:00:00,9.880974139842474,pattern_based,7
PQU_DFGO_GD,2025-10-16 08:00:00,17.62503765022233,pattern_based,8
PQU_DFGO_GD,2025-10-16 09:00:00,23.671883821237678,pattern_based,9
PQU_DFGO_GD,2025-10-16 10:00:00,30.04541175299659,pattern_based,10
PQU_DFGO_GD,2025-10-16 11:00:00,32.5236197684148,pattern_based,11
PQU_DFGO_GD,2025-10-16 12:00:00,29.27690135355822,pattern_based,12
PQU_DFGO_GD,2025-10-16 13:00:00,26.189964202979073,pattern_based,13
PQU_DFGO_GD,2025-10-16 14:00:00,21.385495193139864,pattern_based,14
PQU_DFGO_GD,2025-10-16 15:00:00,14.967796859405523,pattern_based,15
PQU_DFGO_GD,2025-10-16 16:00:00,8.207797104863326,pattern_based,16
PQU_DFGO_GD,2025-10-16 17:00:00,1.8643020336338834,pattern_based,17
PQU_DFGO_GD,2025-10-16 18:00:00,0.04816905518715705,pattern_based,18
PQU_DFGO_GD,2025-10-16 19:00:00,0.0,pattern_based,19
PQU_DFGO_GD,2025-10-16 20:00:00,0.0,pattern_based,20
PQU_DFGO_GD,2025-10-16 21:00:00,0.0,pattern_based,21
PQU_DFGO_GD,2025-10-16 22:00:00,0.0,pattern_based,22
PQU_DFGO_GD,2025-10-16 23:00:00,0.0,pattern_based,23
PQU_DFGO_GD,2025-10-17 00:00:00,0.006299806392462286,pattern_based,0
PQU_DFGO_GD,2025-10-17 01:00:00,0.0,pattern_based,1
PQU_DFGO_GD,2025-10-17 02:00:00,0.005402744101868298,pattern_based,2
PQU_DFGO_GD,2025-10-17 03:00:00,0.0,pattern_based,3
PQU_DFGO_GD,2025-10-17 04:00:00,0.01140246690338845,pattern_based,4
PQU_DFGO_GD,2025-10-17 05:00:00,0.05709673949400357,pattern_based,5
PQU_DFGO_GD,2025-10-17 06:00:00,2.275220696900105,pattern_based,6
PQU_DFGO_GD,2025-10-17 07:00:00,10.180327009482772,pattern_based,7
PQU_DFGO_GD,2025-10-17 08:00:00,17.58001073791193,pattern_based,8
PQU_DFGO_GD,2025-10-17 09:00:00,23.189898620254212,pattern_based,9
PQU_DFGO_GD,2025-10-17 10:00:00,28.881543480950494,pattern_based,10
PQU_DFGO_GD,2025-10-17 11:00:00,32.427272215626324,pattern_based,11
PQU_DFGO_GD,2025-10-17 12:00:00,29.221614091083293,pattern_based,12
PQU_DFGO_GD,2025-10-17 13:00:00,26.607567501625347,pattern_based,13
PQU_DFGO_GD,2025-10-17 14:00:00,21.549920265998633,pattern_based,14
PQU_DFGO_GD,2025-10-17 15:00:00,14.422175111771523,pattern_based,15
PQU_DFGO_GD,2025-10-17 16:00:00,7.894348746581981,pattern_based,16
PQU_DFGO_GD,2025-10-17 17:00:00,1.9364514746734658,pattern_based,17
PQU_DFGO_GD,2025-10-17 18:00:00,0.04013631606053253,pattern_based,18
PQU_DFGO_GD,2025-10-17 19:00:00,0.00023169976358509964,pattern_based,19
PQU_DFGO_GD,2025-10-17 20:00:00,0.0,pattern_based,20
PQU_DFGO_GD,2025-10-17 21:00:00,0.000274486790685068,pattern_based,21
PQU_DFGO_GD,2025-10-17 22:00:00,0.00015920267264780212,pattern_based,22
PQU_DFGO_GD,2025-10-17 23:00:00,0.00014858157120204005,pattern_based,23
PQU_DFGO_GD,2025-10-18 00:00:00,0.006958358018490706,pattern_based,0
PQU_DFGO_GD,2025-10-18 01:00:00,0.007837669786417697,pattern_based,1
PQU_DFGO_GD,2025-10-18 02:00:00,0.0,pattern_based,2
PQU_DFGO_GD,2025-10-18 03:00:00,0.008957554626294597,pattern_based,3
PQU_DFGO_GD,2025-10-18 04:00:00,0.02355416127193339,pattern_based,4
PQU_DFGO_GD,2025-10-18 05:00:00,0.07641079332761604,pattern_based,5
PQU_DFGO_GD,2025-10-18 06:00:00,2.2483138984690907,pattern_based,6
PQU_DFGO_GD,2025-10-18 07:00:00,9.597126949021153,pattern_based,7
PQU_DFGO_GD,2025-10-18 08:00:00,18.201103359855555,pattern_based,8
PQU_DFGO_GD,2025-10-18 09:00:00,23.66367505540115,pattern_based,9
PQU_DFGO_GD,2025-10-18 10:00:00,30.482326816922104,pattern_based,10
PQU_DFGO_GD,2025-10-18 11:00:00,31.169234736977245,pattern_based,11
PQU_DFGO_GD,2025-10-18 12:00:00,29.762905218951712,pattern_based,12
PQU_DFGO_GD,2025-10-18 13:00:00,26.706937496093705,pattern_based,13
PQU_DFGO_GD,2025-10-18 14:00:00,21.78153621771575,pattern_based,14
PQU_DFGO_GD,2025-10-18 15:00:00,14.79480108994255,pattern_based,15
PQU_DFGO_GD,2025-10-18 16:00:00,7.5497379064072305,pattern_based,16
PQU_DFGO_GD,2025-10-18 17:00:00,1.9389188117242033,pattern_based,17
PQU_DFGO_GD,2025-10-18 18:00:00,0.04153560681582752,pattern_based,18
PQU_DFGO_GD,2025-10-18 19:00:00,5.929966216680341e-05,pattern_based,19
PQU_DFGO_GD,2025-10-18 20:00:00,0.00026104527012492704,pattern_based,20
PQU_DFGO_GD,2025-10-18 21:00:00,0.00019477897122986503,pattern_based,21
PQU_DFGO_GD,2025-10-18 22:00:00,0.0,pattern_based,22
PQU_DFGO_GD,2025-10-18 23:00:00,0.00011485398672862306,pattern_based,23
PQU_DFGO_GD,2025-10-19 00:00:00,0.018561542902975695,pattern_based,0
PQU_DFGO_GD,2025-10-19 01:00:00,0.007431195838794848,pattern_based,1
PQU_DFGO_GD,2025-10-19 02:00:00,0.013515280012013568,pattern_based,2
PQU_DFGO_GD,2025-10-19 03:00:00,0.0,pattern_based,3
PQU_DFGO_GD,2025-10-19 04:00:00,0.0,pattern_based,4
PQU_DFGO_GD,2025-10-19 05:00:00,0.06182484949855538,pattern_based,5
PQU_DFGO_GD,2025-10-19 06:00:00,2.3646970539180967,pattern_based,6
PQU_DFGO_GD,2025-10-19 07:00:00,10.018683435483176,pattern_based,7
PQU_DFGO_GD,2025-10-19 08:00:00,18.24848639047594,pattern_based,8
PQU_DFGO_GD,2025-10-19 09:00:00,24.44537221630463,pattern_based,9
PQU_DFGO_GD,2025-10-19 10:00:00,29.566978285831766,pattern_based,10
PQU_DFGO_GD,2025-10-19 11:00:00,31.973839507927217,pattern_based,11
PQU_DFGO_GD,2025-10-19 12:00:00,29.850211034416514,pattern_based,12
PQU_DFGO_GD,2025-10-19 13:00:00,26.19706733619319,pattern_based,13
PQU_DFGO_GD,2025-10-19 14:00:00,20.74245050720487,pattern_based,14
PQU_DFGO_GD,2025-10-19 15:00:00,14.898050948184654,pattern_based,15
PQU_DFGO_GD,2025-10-19 16:00:00,7.562307647624871,pattern_based,16
PQU_DFGO_GD,2025-10-19 17:00:00,1.9063657378269054,pattern_based,17
PQU_DFGO_GD,2025-10-19 18:00:00,0.041602789785698015,pattern_based,18
PQU_DFGO_GD,2025-10-19 19:00:00,0.0001535307389825683,pattern_based,19
PQU_DFGO_GD,2025-10-19 20:00:00,0.00014651026213257019,pattern_based,20
PQU_DFGO_GD,2025-10-19 21:00:00,4.977603228923405e-05,pattern_based,21
PQU_DFGO_GD,2025-10-19 22:00:00,0.0,pattern_based,22
PQU_DFGO_GD,2025-10-19 23:00:00,0.0003488959432018421,pattern_based,23
PQU_DFGO_GD,2025-10-20 00:00:00,0.0027546373682304478,pattern_based,0
PQU_DFGO_GD,2025-10-20 01:00:00,0.012073152614001808,pattern_based,1
PQU_DFGO_GD,2025-10-20 02:00:00,0.010901578562402578,pattern_based,2
PQU_DFGO_GD,2025-10-20 03:00:00,0.0,pattern_based,3
PQU_DFGO_GD,2025-10-20 04:00:00,0.00997632417755663,pattern_based,4
PQU_DFGO_GD,2025-10-20 05:00:00,0.06121634257262785,pattern_based,5
PQU_DFGO_GD,2025-10-20 06:00:00,2.091809430805843,pattern_based,6
PQU_DFGO_GD,2025-10-20 07:00:00,9.371233391425198,pattern_based,7
PQU_DFGO_GD,2025-10-20 08:00:00,17.541323391980722,pattern_based,8
PQU_DFGO_GD,2025-10-20 09:00:00,24.870897530257494,pattern_based,9
PQU_DFGO_GD,2025-10-20 10:00:00,28.959646219496797,pattern_based,10
PQU_DFGO_GD,2025-10-20 11:00:00,31.695460712373247,pattern_based,11
PQU_DFGO_GD,2025-10-20 12:00:00,30.23228744635384,pattern_based,12
PQU_DFGO_GD,2025-10-20 13:00:00,25.498731275216493,pattern_based,13
PQU_DFGO_GD,2025-10-20 14:00:00,20.789104870758692,pattern_based,14
PQU_DFGO_GD,2025-10-20 15:00:00,15.432663685089748,pattern_based,15
PQU_DFGO_GD,2025-10-20 16:00:00,7.83797190751318,pattern_based,16
PQU_DFGO_GD,2025-10-20 17:00:00,1.92077776444899,pattern_based,17
PQU_DFGO_GD,2025-10-20 18:00:00,0.05951435227914909,pattern_based,18
PQU_DFGO_GD,2025-10-20 19:00:00,4.946302187212912e-05,pattern_based,19
PQU_DFGO_GD,2025-10-20 20:00:00,0.0,pattern_based,20
PQU_DFGO_GD,2025-10-20 21:00:00,9.08204152126796e-05,pattern_based,21
PQU_DFGO_GD,2025-10-20 22:00:00,0.0,pattern_based,22
PQU_DFGO_GD,2025-10-20 23:00:00,9.050938949417258e-05,pattern_based,23
PQU_DFGO_GD,2025-10-21 00:00:00,0.01671318138703386,pattern_based,0
PQU_DFGO_GD,2025-10-21 01:00:00,0.010968897032918857,pattern_based,1
PQU_DFGO_GD,2025-10-21 02:00:00,0.011850284951999867,pattern_based,2
PQU_DFGO_GD,2025-10-21 03:00:00,0.020009932363106983,pattern_based,3
PQU_DFGO_GD,2025-10-21 04:00:00,0.009556283896099832,pattern_based,4
PQU_DFGO_GD,2025-10-21 05:00:00,0.07845242982342912,pattern_based,5
PQU_DFGO_GD,2025-10-21 06:00:00,2.2709570171262747,pattern_based,6
PQU_DFGO_GD,2025-10-21 07:00:00,9.840298234242413,pattern_based,7
PQU_DFGO_GD,2025-10-21 08:00:00,17.65630274255741,pattern_based,8
PQU_DFGO_GD,2025-10-21 09:00:00,24.138330382408572,pattern_based,9
PQU_DFGO_GD,2025-10-21 10:00:00,29.741792935935067,pattern_based,10
PQU_DFGO_GD,2025-10-21 11:00:00,31.775378633206778,pattern_based,11
PQU_DFGO_GD,2025-10-21 12:00:00,29.854888865414928,pattern_based,12
PQU_DFGO_GD,2025-10-21 13:00:00,27.242116385750755,pattern_based,13
PQU_DFGO_GD,2025-10-21 14:00:00,21.005825918688025,pattern_based,14
PQU_DFGO_GD,2025-10-21 15:00:00,14.518385020124697,pattern_based,15
PQU_DFGO_GD,2025-10-21 16:00:00,7.779905571431894,pattern_based,16
PQU_DFGO_GD,2025-10-21 17:00:00,1.7926377963616071,pattern_based,17
PQU_DFGO_GD,2025-10-21 18:00:00,0.04188455281563704,pattern_based,18
PQU_DFGO_GD,2025-10-21 19:00:00,0.0,pattern_based,19
PQU_DFGO_GD,2025-10-21 20:00:00,3.8928671228561954e-05,pattern_based,20
PQU_DFGO_GD,2025-10-21 21:00:00,0.00040896065099682403,pattern_based,21
PQU_DFGO_GD,2025-10-21 22:00:00,6.729033931036812e-05,pattern_based,22
PQU_DFGO_GD,2025-10-21 23:00:00,0.00048369418353134204,pattern_based,23
PQU_DFGO_GD,2025-10-22 00:00:00,0.0,pattern_based,0
PQU_DFGO_GD,2025-10-22 01:00:00,0.008131812426137698,pattern_based,1
PQU_DFGO_GD,2025-10-22 02:00:00,0.001038770706437206,pattern_based,2
PQU_DFGO_GD,2025-10-22 03:00:00,0.008966590066797519,pattern_based,3
PQU_DFGO_GD,2025-10-22 04:00:00,0.0009537503545852116,pattern_based,4
PQU_DFGO_GD,2025-10-22 05:00:00,0.07891312291857804,pattern_based,5
PQU_DFGO_GD,2025-10-22 06:00:00,2.2397785572677678,pattern_based,6
PQU_DFGO_GD,2025-10-22 07:00:00,9.901972275850929,pattern_based,7
PQU_DFGO_GD,2025-10-22 08:00:00,18.101993508823032,pattern_based,8
PQU_DFGO_GD,2025-10-22 09:00:00,24.039636600000954,pattern_based,9
PQU_DFGO_GD,2025-10-22 10:00:00,30.40687609825337,pattern_based,10
PQU_DFGO_GD,2025-10-22 11:00:00,31.219029941797295,pattern_based,11
PQU_DFGO_GD,2025-10-22 12:00:00,29.387017212080334,pattern_based,12
PQU_DFGO_GD,2025-10-22 13:00:00,27.355336063971322,pattern_based,13
PQU_DFGO_GD,2025-10-22 14:00:00,20.021151354685628,pattern_based,14
PQU_DFGO_GD,2025-10-22 15:00:00,14.411774718521478,pattern_based,15
PQU_DFGO_GD,2025-10-22 16:00:00,7.576588995908707,pattern_based,16
PQU_DFGO_GD,2025-10-22 17:00:00,1.9298254085324773,pattern_based,17
PQU_DFGO_GD,2025-10-22 18:00:00,0.03561335676150611,pattern_based,18
PQU_DFGO_GD,2025-10-22 19:00:00,6.0049784478108755e-05,pattern_based,19
PQU_DFGO_GD,2025-10-22 20:00:00,3.949262469245829e-05,pattern_based,20
PQU_DFGO_GD,2025-10-22 21:00:00,0.00024089128669751007,pattern_based,21
PQU_DFGO_GD,2025-10-22 22:00:00,5.446512370119573e-05,pattern_based,22
PQU_DFGO_GD,2025-10-22 23:00:00,0.00010226701492031101,pattern_based,23
PQU_DFGO_GD,2025-10-23 00:00:00,0.011979599034858086,pattern_based,0
PQU_DFGO_GD,2025-10-23 01:00:00,0.02454010858832701,pattern_based,1
PQU_DFGO_GD,2025-10-23 02:00:00,0.002258208297000344,pattern_based,2
PQU_DFGO_GD,2025-10-23 03:00:00,0.018973775269345815,pattern_based,3
PQU_DFGO_GD,2025-10-23 04:00:00,0.017403690240482175,pattern_based,4
PQU_DFGO_GD,2025-10-23 05:00:00,0.06844198344090201,pattern_based,5
PQU_DFGO_GD,2025-10-23 06:00:00,2.3056386430175593,pattern_based,6
PQU_DFGO_GD,2025-10-23 07:00:00,9.554730469664925,pattern_based,7
PQU_DFGO_GD,2025-10-23 08:00:00,17.555411867744745,pattern_based,8
PQU_DFGO_GD,2025-10-23 09:00:00,24.65563636621943,pattern_based,9
PQU_DFGO_GD,2025-10-23 10:00:00,28.416305894073016,pattern_based,10
PQU_DFGO_GD,2025-10-23 11:00:00,31.08513422777953,pattern_based,11
PQU_DFGO_GD,2025-10-23 12:00:00,31.333322758843234,pattern_based,12
PQU_DFGO_GD,2025-10-23 13:00:00,25.97953883918826,pattern_based,13
PQU_DFGO_GD,2025-10-23 14:00:00,20.871388881875706,pattern_based,14
PQU_DFGO_GD,2025-10-23 15:00:00,14.897773455527716,pattern_based,15
PQU_DFGO_GD,2025-10-23 16:00:00,7.865259534914214,pattern_based,16
PQU_DFGO_GD,2025-10-23 17:00:00,1.8913509399905624,pattern_based,17
PQU_DFGO_GD,2025-10-23 18:00:00,0.03535783327975833,pattern_based,18
PQU_DFGO_GD,2025-10-23 19:00:00,0.0,pattern_based,19
PQU_DFGO_GD,2025-10-23 20:00:00,0.0,pattern_based,20
PQU_DFGO_GD,2025-10-23 21:00:00,0.0001747611433009134,pattern_based,21
PQU_DFGO_GD,2025-10-23 22:00:00,6.882994798425177e-05,pattern_based,22
PQU_DFGO_GD,2025-10-23 23:00:00,0.00018502853942531237,pattern_based,23
PQU_DFGO_GD,2025-10-24 00:00:00,0.01491775367649775,pattern_based,0
PQU_DFGO_GD,2025-10-24 01:00:00,0.018193552427527047,pattern_based,1
PQU_DFGO_GD,2025-10-24 02:00:00,0.016635824956258975,pattern_based,2
PQU_DFGO_GD,2025-10-24 03:00:00,0.01574631305407511,pattern_based,3
PQU_DFGO_GD,2025-10-24 04:00:00,0.009166433413190244,pattern_based,4
PQU_DFGO_GD,2025-10-24 05:00:00,0.07289837782613547,pattern_based,5
PQU_DFGO_GD,2025-10-24 06:00:00,2.3450501534569197,pattern_based,6
PQU_DFGO_GD,2025-10-24 07:00:00,9.514963718047172,pattern_based,7
PQU_DFGO_GD,2025-10-24 08:00:00,18.055753273898326,pattern_based,8
PQU_DFGO_GD,2025-10-24 09:00:00,24.018518694447703,pattern_based,9
PQU_DFGO_GD,2025-10-24 10:00:00,28.275091508499237,pattern_based,10
PQU_DFGO_GD,2025-10-24 11:00:00,30.001050897693005,pattern_based,11
PQU_DFGO_GD,2025-10-24 12:00:00,29.320136465576017,pattern_based,12
PQU_DFGO_GD,2025-10-24 13:00:00,25.79425639546305,pattern_based,13
PQU_DFGO_GD,2025-10-24 14:00:00,20.84376830501517,pattern_based,14
PQU_DFGO_GD,2025-10-24 15:00:00,14.824257990308375,pattern_based,15
PQU_DFGO_GD,2025-10-24 16:00:00,7.834082128950212,pattern_based,16
PQU_DFGO_GD,2025-10-24 17:00:00,1.9215328897550836,pattern_based,17
PQU_DFGO_GD,2025-10-24 18:00:00,0.03282136982258444,pattern_based,18
PQU_DFGO_GD,2025-10-24 19:00:00,0.0,pattern_based,19
PQU_DFGO_GD,2025-10-24 20:00:00,6.589941965232159e-05,pattern_based,20
PQU_DFGO_GD,2025-10-24 21:00:00,0.0,pattern_based,21
PQU_DFGO_GD,2025-10-24 22:00:00,0.00017105663969982295,pattern_based,22
PQU_DFGO_GD,2025-10-24 23:00:00,0.00033327090567422966,pattern_based,23
PQU_DFGO_GD,2025-10-25 00:00:00,0.018269947965528402,pattern_based,0
PQU_DFGO_GD,2025-10-25 01:00:00,0.004942782365263863,pattern_based,1
PQU_DFGO_GD,2025-10-25 02:00:00,0.0,pattern_based,2
PQU_DFGO_GD,2025-10-25 03:00:00,0.013440059113761775,pattern_based,3
PQU_DFGO_GD,2025-10-25 04:00:00,0.006627581353577039,pattern_based,4
PQU_DFGO_GD,2025-10-25 05:00:00,0.07342759339478669,pattern_based,5
PQU_DFGO_GD,2025-10-25 06:00:00,2.289486328574468,pattern_based,6
PQU_DFGO_GD,2025-10-25 07:00:00,9.565501168185746,pattern_based,7
PQU_DFGO_GD,2025-10-25 08:00:00,17.916289868511274,pattern_based,8
PQU_DFGO_GD,2025-10-25 09:00:00,24.247986147936658,pattern_based,9
PQU_DFGO_GD,2025-10-25 10:00:00,28.767238307627803,pattern_based,10
PQU_DFGO_GD,2025-10-25 11:00:00,31.77955103311482,pattern_based,11
PQU_DFGO_GD,2025-10-25 12:00:00,30.364781812706703,pattern_based,12
PQU_DFGO_GD,2025-10-25 13:00:00,26.069095416182087,pattern_based,13
PQU_DFGO_GD,2025-10-25 14:00:00,21.622794821993217,pattern_based,14
PQU_DFGO_GD,2025-10-25 15:00:00,15.571200903325433,pattern_based,15
PQU_DFGO_GD,2025-10-25 16:00:00,8.00732152779197,pattern_based,16
PQU_DFGO_GD,2025-10-25 17:00:00,1.773432117420907,pattern_based,17
PQU_DFGO_GD,2025-10-25 18:00:00,0.03011432891885126,pattern_based,18
PQU_DFGO_GD,2025-10-25 19:00:00,0.0,pattern_based,19
PQU_DFGO_GD,2025-10-25 20:00:00,0.00019214141287126376,pattern_based,20
PQU_DFGO_GD,2025-10-25 21:00:00,0.0002499077775812397,pattern_based,21
PQU_DFGO_GD,2025-10-25 22:00:00,9.206853502555798e-05,pattern_based,22
PQU_DFGO_GD,2025-10-25 23:00:00,0.0,pattern_based,23
PQU_GOGO_GD,2025-09-26 00:00:00,0.3783945692502353,pattern_based,0
PQU_GOGO_GD,2025-09-26 01:00:00,0.5358167610562922,pattern_based,1
PQU_GOGO_GD,2025-09-26 02:00:00,0.23157290494240598,pattern_based,2
PQU_GOGO_GD,2025-09-26 03:00:00,0.0,pattern_based,3
PQU_GOGO_GD,2025-09-26 04:00:00,0.2104980419708881,pattern_based,4
PQU_GOGO_GD,2025-09-26 05:00:00,4.9793594491964726,pattern_based,5
PQU_GOGO_GD,2025-09-26 06:00:00,70.9772115469698,pattern_based,6
PQU_GOGO_GD,2025-09-26 07:00:00,264.97569353567746,pattern_based,7
PQU_GOGO_GD,2025-09-26 08:00:00,497.9230848973767,pattern_based,8
PQU_GOGO_GD,2025-09-26 09:00:00,692.2942956353161,pattern_based,9
PQU_GOGO_GD,2025-09-26 10:00:00,818.4658259652537,pattern_based,10
PQU_GOGO_GD,2025-09-26 11:00:00,900.9330186943223,pattern_based,11
PQU_GOGO_GD,2025-09-26 12:00:00,878.9045516499751,pattern_based,12
PQU_GOGO_GD,2025-09-26 13:00:00,774.8775342491406,pattern_based,13
PQU_GOGO_GD,2025-09-26 14:00:00,619.9385122828039,pattern_based,14
PQU_GOGO_GD,2025-09-26 15:00:00,461.62676132594294,pattern_based,15
PQU_GOGO_GD,2025-09-26 16:00:00,259.73257317720345,pattern_based,16
PQU_GOGO_GD,2025-09-26 17:00:00,74.37036801363053,pattern_based,17
PQU_GOGO_GD,2025-09-26 18:00:00,5.278497981913747,pattern_based,18
PQU_GOGO_GD,2025-09-26 19:00:00,0.0321229014638552,pattern_based,19
PQU_GOGO_GD,2025-09-26 20:00:00,0.01554106789319446,pattern_based,20
PQU_GOGO_GD,2025-09-26 21:00:00,0.01373931401195919,pattern_based,21
PQU_GOGO_GD,2025-09-26 22:00:00,0.01759753367840235,pattern_based,22
PQU_GOGO_GD,2025-09-26 23:00:00,0.003991676653750822,pattern_based,23
PQU_GOGO_GD,2025-09-27 00:00:00,0.009458875378213216,pattern_based,0
PQU_GOGO_GD,2025-09-27 01:00:00,0.5086312270476,pattern_based,1
PQU_GOGO_GD,2025-09-27 02:00:00,0.0,pattern_based,2
PQU_GOGO_GD,2025-09-27 03:00:00,0.2199408383426278,pattern_based,3
PQU_GOGO_GD,2025-09-27 04:00:00,0.1360765540735563,pattern_based,4
PQU_GOGO_GD,2025-09-27 05:00:00,5.083736979951947,pattern_based,5
PQU_GOGO_GD,2025-09-27 06:00:00,74.47573037755285,pattern_based,6
PQU_GOGO_GD,2025-09-27 07:00:00,266.61054401377254,pattern_based,7
PQU_GOGO_GD,2025-09-27 08:00:00,502.03126215094693,pattern_based,8
PQU_GOGO_GD,2025-09-27 09:00:00,707.5873093127715,pattern_based,9
PQU_GOGO_GD,2025-09-27 10:00:00,836.1688811482433,pattern_based,10
PQU_GOGO_GD,2025-09-27 11:00:00,899.1564879479405,pattern_based,11
PQU_GOGO_GD,2025-09-27 12:00:00,871.8841935092299,pattern_based,12
PQU_GOGO_GD,2025-09-27 13:00:00,767.1800435569983,pattern_based,13
PQU_GOGO_GD,2025-09-27 14:00:00,639.0571017247894,pattern_based,14
PQU_GOGO_GD,2025-09-27 15:00:00,471.1908467768734,pattern_based,15
PQU_GOGO_GD,2025-09-27 16:00:00,250.53338955323653,pattern_based,16
PQU_GOGO_GD,2025-09-27 17:00:00,78.99856045667102,pattern_based,17
PQU_GOGO_GD,2025-09-27 18:00:00,4.389757553023541,pattern_based,18
PQU_GOGO_GD,2025-09-27 19:00:00,0.05720935706520604,pattern_based,19
PQU_GOGO_GD,2025-09-27 20:00:00,0.007404576039583258,pattern_based,20
PQU_GOGO_GD,2025-09-27 21:00:00,0.002913151952738244,pattern_based,21
PQU_GOGO_GD,2025-09-27 22:00:00,0.02083521248756565,pattern_based,22
PQU_GOGO_GD,2025-09-27 23:00:00,0.012554777624860042,pattern_based,23
PQU_GOGO_GD,2025-09-28 00:00:00,0.712540878797206,pattern_based,0
PQU_GOGO_GD,2025-09-28 01:00:00,0.05652685252142983,pattern_based,1
PQU_GOGO_GD,2025-09-28 02:00:00,0.3253301580198757,pattern_based,2
PQU_GOGO_GD,2025-09-28 03:00:00,0.33250689651812787,pattern_based,3
PQU_GOGO_GD,2025-09-28 04:00:00,0.1675335627987705,pattern_based,4
PQU_GOGO_GD,2025-09-28 05:00:00,4.938981640161292,pattern_based,5
PQU_GOGO_GD,2025-09-28 06:00:00,69.22015872948694,pattern_based,6
PQU_GOGO_GD,2025-09-28 07:00:00,272.0992389719795,pattern_based,7
PQU_GOGO_GD,2025-09-28 08:00:00,494.5923803126046,pattern_based,8
PQU_GOGO_GD,2025-09-28 09:00:00,685.581355822657,pattern_based,9
PQU_GOGO_GD,2025-09-28 10:00:00,824.9621809276958,pattern_based,10
PQU_GOGO_GD,2025-09-28 11:00:00,914.3938078398587,pattern_based,11
PQU_GOGO_GD,2025-09-28 12:00:00,875.1661082587634,pattern_based,12
PQU_GOGO_GD,2025-09-28 13:00:00,784.6529453360669,pattern_based,13
PQU_GOGO_GD,2025-09-28 14:00:00,633.9718594538585,pattern_based,14
PQU_GOGO_GD,2025-09-28 15:00:00,460.9517289105901,pattern_based,15
PQU_GOGO_GD,2025-09-28 16:00:00,247.89766129589574,pattern_based,16
PQU_GOGO_GD,2025-09-28 17:00:00,78.27588690040757,pattern_based,17
PQU_GOGO_GD,2025-09-28 18:00:00,5.506478322809624,pattern_based,18
PQU_GOGO_GD,2025-09-28 19:00:00,0.09066117423805484,pattern_based,19
PQU_GOGO_GD,2025-09-28 20:00:00,0.007838664475370396,pattern_based,20
PQU_GOGO_GD,2025-09-28 21:00:00,0.006332021314565649,pattern_based,21
PQU_GOGO_GD,2025-09-28 22:00:00,0.013538233480633427,pattern_based,22
PQU_GOGO_GD,2025-09-28 23:00:00,0.0,pattern_based,23
PQU_GOGO_GD,2025-09-29 00:00:00,0.47408814709242825,pattern_based,0
PQU_GOGO_GD,2025-09-29 01:00:00,0.8972772143846004,pattern_based,1
PQU_GOGO_GD,2025-09-29 02:00:00,0.0,pattern_based,2
PQU_GOGO_GD,2025-09-29 03:00:00,0.8010157824222414,pattern_based,3
PQU_GOGO_GD,2025-09-29 04:00:00,0.5235484642339227,pattern_based,4
PQU_GOGO_GD,2025-09-29 05:00:00,4.880597005890085,pattern_based,5
PQU_GOGO_GD,2025-09-29 06:00:00,71.15099560696545,pattern_based,6
PQU_GOGO_GD,2025-09-29 07:00:00,265.97373187482015,pattern_based,7
PQU_GOGO_GD,2025-09-29 08:00:00,510.83810935782986,pattern_based,8
PQU_GOGO_GD,2025-09-29 09:00:00,699.0857928080302,pattern_based,9
PQU_GOGO_GD,2025-09-29 10:00:00,836.022338084002,pattern_based,10
PQU_GOGO_GD,2025-09-29 11:00:00,890.8240743066863,pattern_based,11
PQU_GOGO_GD,2025-09-29 12:00:00,853.1925778911452,pattern_based,12
PQU_GOGO_GD,2025-09-29 13:00:00,781.2622612845503,pattern_based,13
PQU_GOGO_GD,2025-09-29 14:00:00,643.8987732858554,pattern_based,14
PQU_GOGO_GD,2025-09-29 15:00:00,455.4715370599312,pattern_based,15
PQU_GOGO_GD,2025-09-29 16:00:00,256.8879418681738,pattern_based,16
PQU_GOGO_GD,2025-09-29 17:00:00,74.75741749016542,pattern_based,17
PQU_GOGO_GD,2025-09-29 18:00:00,4.571085429934141,pattern_based,18
PQU_GOGO_GD,2025-09-29 19:00:00,0.014428281842992857,pattern_based,19
PQU_GOGO_GD,2025-09-29 20:00:00,0.0,pattern_based,20
PQU_GOGO_GD,2025-09-29 21:00:00,0.009315790922226324,pattern_based,21
PQU_GOGO_GD,2025-09-29 22:00:00,0.0,pattern_based,22
PQU_GOGO_GD,2025-09-29 23:00:00,0.0,pattern_based,23
PQU_GOGO_GD,2025-09-30 00:00:00,0.23349930400738042,pattern_based,0
PQU_GOGO_GD,2025-09-30 01:00:00,0.26697755135076184,pattern_based,1
PQU_GOGO_GD,2025-09-30 02:00:00,0.03971643109070985,pattern_based,2
PQU_GOGO_GD,2025-09-30 03:00:00,0.0,pattern_based,3
PQU_GOGO_GD,2025-09-30 04:00:00,0.2770792377382587,pattern_based,4
PQU_GOGO_GD,2025-09-30 05:00:00,4.342468524114537,pattern_based,5
PQU_GOGO_GD,2025-09-30 06:00:00,75.79261414210252,pattern_based,6
PQU_GOGO_GD,2025-09-30 07:00:00,255.8253272111407,pattern_based,7
PQU_GOGO_GD,2025-09-30 08:00:00,488.83982499894785,pattern_based,8
PQU_GOGO_GD,2025-09-30 09:00:00,704.2193646703709,pattern_based,9
PQU_GOGO_GD,2025-09-30 10:00:00,827.5269472066869,pattern_based,10
PQU_GOGO_GD,2025-09-30 11:00:00,913.4815156627891,pattern_based,11
PQU_GOGO_GD,2025-09-30 12:00:00,898.2804341628597,pattern_based,12
PQU_GOGO_GD,2025-09-30 13:00:00,773.6952429233932,pattern_based,13
PQU_GOGO_GD,2025-09-30 14:00:00,654.8304386576585,pattern_based,14
PQU_GOGO_GD,2025-09-30 15:00:00,463.0278752961977,pattern_based,15
PQU_GOGO_GD,2025-09-30 16:00:00,250.2144308250565,pattern_based,16
PQU_GOGO_GD,2025-09-30 17:00:00,78.49979687170982,pattern_based,17
PQU_GOGO_GD,2025-09-30 18:00:00,4.684708939305598,pattern_based,18
PQU_GOGO_GD,2025-09-30 19:00:00,0.047859777497406886,pattern_based,19
PQU_GOGO_GD,2025-09-30 20:00:00,0.001956343908037038,pattern_based,20
PQU_GOGO_GD,2025-09-30 21:00:00,0.011698664810454444,pattern_based,21
PQU_GOGO_GD,2025-09-30 22:00:00,0.020639995889974304,pattern_based,22
PQU_GOGO_GD,2025-09-30 23:00:00,0.01281611467745209,pattern_based,23
PQU_GOGO_GD,2025-10-01 00:00:00,0.6694112574335325,pattern_based,0
PQU_GOGO_GD,2025-10-01 01:00:00,0.0,pattern_based,1
PQU_GOGO_GD,2025-10-01 02:00:00,0.618540497754086,pattern_based,2
PQU_GOGO_GD,2025-10-01 03:00:00,0.07138624554285683,pattern_based,3
PQU_GOGO_GD,2025-10-01 04:00:00,0.4625600081342885,pattern_based,4
PQU_GOGO_GD,2025-10-01 05:00:00,4.656723151403867,pattern_based,5
PQU_GOGO_GD,2025-10-01 06:00:00,70.32412898647232,pattern_based,6
PQU_GOGO_GD,2025-10-01 07:00:00,273.3371011186169,pattern_based,7
PQU_GOGO_GD,2025-10-01 08:00:00,496.22978310839653,pattern_based,8
PQU_GOGO_GD,2025-10-01 09:00:00,682.8770826989065,pattern_based,9
PQU_GOGO_GD,2025-10-01 10:00:00,846.3097262760738,pattern_based,10
PQU_GOGO_GD,2025-10-01 11:00:00,912.4383814720541,pattern_based,11
PQU_GOGO_GD,2025-10-01 12:00:00,866.1515633406428,pattern_based,12
PQU_GOGO_GD,2025-10-01 13:00:00,742.3661929713587,pattern_based,13
PQU_GOGO_GD,2025-10-01 14:00:00,644.5518840049898,pattern_based,14
PQU_GOGO_GD,2025-10-01 15:00:00,450.5558979543155,pattern_based,15
PQU_GOGO_GD,2025-10-01 16:00:00,250.84085490013499,pattern_based,16
PQU_GOGO_GD,2025-10-01 17:00:00,74.0453469278341,pattern_based,17
PQU_GOGO_GD,2025-10-01 18:00:00,4.844982608571325,pattern_based,18
PQU_GOGO_GD,2025-10-01 19:00:00,0.014606555815628142,pattern_based,19
PQU_GOGO_GD,2025-10-01 20:00:00,0.001853702271773304,pattern_based,20
PQU_GOGO_GD,2025-10-01 21:00:00,0.007517965431002112,pattern_based,21
PQU_GOGO_GD,2025-10-01 22:00:00,0.012378923694078284,pattern_based,22
PQU_GOGO_GD,2025-10-01 23:00:00,0.024986696505754274,pattern_based,23
PQU_GOGO_GD,2025-10-02 00:00:00,0.0457223309838595,pattern_based,0
PQU_GOGO_GD,2025-10-02 01:00:00,0.7700089676161619,pattern_based,1
PQU_GOGO_GD,2025-10-02 02:00:00,0.13556740300031683,pattern_based,2
PQU_GOGO_GD,2025-10-02 03:00:00,0.24512323963173913,pattern_based,3
PQU_GOGO_GD,2025-10-02 04:00:00,0.217658291082295,pattern_based,4
PQU_GOGO_GD,2025-10-02 05:00:00,4.437086236277314,pattern_based,5
PQU_GOGO_GD,2025-10-02 06:00:00,68.60170754903578,pattern_based,6
PQU_GOGO_GD,2025-10-02 07:00:00,267.5260931634646,pattern_based,7
PQU_GOGO_GD,2025-10-02 08:00:00,504.7784582174581,pattern_based,8
PQU_GOGO_GD,2025-10-02 09:00:00,683.6706651445922,pattern_based,9
PQU_GOGO_GD,2025-10-02 10:00:00,846.1785726565233,pattern_based,10
PQU_GOGO_GD,2025-10-02 11:00:00,912.2283699018911,pattern_based,11
PQU_GOGO_GD,2025-10-02 12:00:00,894.5223809386064,pattern_based,12
PQU_GOGO_GD,2025-10-02 13:00:00,806.5991384635266,pattern_based,13
PQU_GOGO_GD,2025-10-02 14:00:00,633.3326062133887,pattern_based,14
PQU_GOGO_GD,2025-10-02 15:00:00,465.1873993022291,pattern_based,15
PQU_GOGO_GD,2025-10-02 16:00:00,247.80176579397582,pattern_based,16
PQU_GOGO_GD,2025-10-02 17:00:00,78.39398439290439,pattern_based,17
PQU_GOGO_GD,2025-10-02 18:00:00,5.347908066744875,pattern_based,18
PQU_GOGO_GD,2025-10-02 19:00:00,0.023902891242943237,pattern_based,19
PQU_GOGO_GD,2025-10-02 20:00:00,0.015953364223230376,pattern_based,20
PQU_GOGO_GD,2025-10-02 21:00:00,0.0022850032244686753,pattern_based,21
PQU_GOGO_GD,2025-10-02 22:00:00,0.006357721160582833,pattern_based,22
PQU_GOGO_GD,2025-10-02 23:00:00,0.005428737725043568,pattern_based,23
PQU_GOGO_GD,2025-10-03 00:00:00,0.09744232061118396,pattern_based,0
PQU_GOGO_GD,2025-10-03 01:00:00,0.2580701720035198,pattern_based,1
PQU_GOGO_GD,2025-10-03 02:00:00,0.1271882865092387,pattern_based,2
PQU_GOGO_GD,2025-10-03 03:00:00,0.6861899209853797,pattern_based,3
PQU_GOGO_GD,2025-10-03 04:00:00,0.0,pattern_based,4
PQU_GOGO_GD,2025-10-03 05:00:00,5.661918449712557,pattern_based,5
PQU_GOGO_GD,2025-10-03 06:00:00,67.24912680378927,pattern_based,6
PQU_GOGO_GD,2025-10-03 07:00:00,257.4293845474001,pattern_based,7
PQU_GOGO_GD,2025-10-03 08:00:00,497.6442194196275,pattern_based,8
PQU_GOGO_GD,2025-10-03 09:00:00,663.848402657315,pattern_based,9
PQU_GOGO_GD,2025-10-03 10:00:00,857.2193720331877,pattern_based,10
PQU_GOGO_GD,2025-10-03 11:00:00,919.6080798312033,pattern_based,11
PQU_GOGO_GD,2025-10-03 12:00:00,873.0269554857432,pattern_based,12
PQU_GOGO_GD,2025-10-03 13:00:00,772.9122625155387,pattern_based,13
PQU_GOGO_GD,2025-10-03 14:00:00,626.5933632037097,pattern_based,14
PQU_GOGO_GD,2025-10-03 15:00:00,454.72521694834404,pattern_based,15
PQU_GOGO_GD,2025-10-03 16:00:00,248.6366927911601,pattern_based,16
PQU_GOGO_GD,2025-10-03 17:00:00,72.85365101752167,pattern_based,17
PQU_GOGO_GD,2025-10-03 18:00:00,5.116707314123893,pattern_based,18
PQU_GOGO_GD,2025-10-03 19:00:00,0.016876725978754465,pattern_based,19
PQU_GOGO_GD,2025-10-03 20:00:00,0.0,pattern_based,20
PQU_GOGO_GD,2025-10-03 21:00:00,0.010796225055393474,pattern_based,21
PQU_GOGO_GD,2025-10-03 22:00:00,0.002833309162252147,pattern_based,22
PQU_GOGO_GD,2025-10-03 23:00:00,0.0062516590825307085,pattern_based,23
PQU_GOGO_GD,2025-10-04 00:00:00,0.0,pattern_based,0
PQU_GOGO_GD,2025-10-04 01:00:00,0.0,pattern_based,1
PQU_GOGO_GD,2025-10-04 02:00:00,0.0,pattern_based,2
PQU_GOGO_GD,2025-10-04 03:00:00,0.49572443789191933,pattern_based,3
PQU_GOGO_GD,2025-10-04 04:00:00,0.6936235901481478,pattern_based,4
PQU_GOGO_GD,2025-10-04 05:00:00,5.392553113454278,pattern_based,5
PQU_GOGO_GD,2025-10-04 06:00:00,69.89740801381262,pattern_based,6
PQU_GOGO_GD,2025-10-04 07:00:00,261.66874109749585,pattern_based,7
PQU_GOGO_GD,2025-10-04 08:00:00,505.11643708173006,pattern_based,8
PQU_GOGO_GD,2025-10-04 09:00:00,697.2633350297241,pattern_based,9
PQU_GOGO_GD,2025-10-04 10:00:00,856.5133334395684,pattern_based,10
PQU_GOGO_GD,2025-10-04 11:00:00,908.5692342313425,pattern_based,11
PQU_GOGO_GD,2025-10-04 12:00:00,864.6003894751758,pattern_based,12
PQU_GOGO_GD,2025-10-04 13:00:00,751.8355067657856,pattern_based,13
PQU_GOGO_GD,2025-10-04 14:00:00,628.9324507355402,pattern_based,14
PQU_GOGO_GD,2025-10-04 15:00:00,463.7786228187345,pattern_based,15
PQU_GOGO_GD,2025-10-04 16:00:00,247.29744551501264,pattern_based,16
PQU_GOGO_GD,2025-10-04 17:00:00,76.236138949657,pattern_based,17
PQU_GOGO_GD,2025-10-04 18:00:00,5.064174753880938,pattern_based,18
PQU_GOGO_GD,2025-10-04 19:00:00,0.07616253782274313,pattern_based,19
PQU_GOGO_GD,2025-10-04 20:00:00,0.005985547202112789,pattern_based,20
PQU_GOGO_GD,2025-10-04 21:00:00,0.0,pattern_based,21
PQU_GOGO_GD,2025-10-04 22:00:00,0.0,pattern_based,22
PQU_GOGO_GD,2025-10-04 23:00:00,0.0045863563704035375,pattern_based,23
PQU_GOGO_GD,2025-10-05 00:00:00,0.36462256038552887,pattern_based,0
PQU_GOGO_GD,2025-10-05 01:00:00,0.0,pattern_based,1
PQU_GOGO_GD,2025-10-05 02:00:00,0.7353701219783871,pattern_based,2
PQU_GOGO_GD,2025-10-05 03:00:00,0.24925121047970086,pattern_based,3
PQU_GOGO_GD,2025-10-05 04:00:00,0.26298873797442796,pattern_based,4
PQU_GOGO_GD,2025-10-05 05:00:00,4.801922253472021,pattern_based,5
PQU_GOGO_GD,2025-10-05 06:00:00,76.26488409528037,pattern_based,6
PQU_GOGO_GD,2025-10-05 07:00:00,266.2169160116986,pattern_based,7
PQU_GOGO_GD,2025-10-05 08:00:00,500.5214560312356,pattern_based,8
PQU_GOGO_GD,2025-10-05 09:00:00,682.113330793706,pattern_based,9
PQU_GOGO_GD,2025-10-05 10:00:00,831.7568408712782,pattern_based,10
PQU_GOGO_GD,2025-10-05 11:00:00,908.5320569138399,pattern_based,11
PQU_GOGO_GD,2025-10-05 12:00:00,893.4890836138524,pattern_based,12
PQU_GOGO_GD,2025-10-05 13:00:00,746.5317555162967,pattern_based,13
PQU_GOGO_GD,2025-10-05 14:00:00,641.2922598561875,pattern_based,14
PQU_GOGO_GD,2025-10-05 15:00:00,443.56119059343047,pattern_based,15
PQU_GOGO_GD,2025-10-05 16:00:00,249.48794703035648,pattern_based,16
PQU_GOGO_GD,2025-10-05 17:00:00,77.80040564487021,pattern_based,17
PQU_GOGO_GD,2025-10-05 18:00:00,4.262476579858464,pattern_based,18
PQU_GOGO_GD,2025-10-05 19:00:00,0.08354793560404053,pattern_based,19
PQU_GOGO_GD,2025-10-05 20:00:00,0.013024133073165625,pattern_based,20
PQU_GOGO_GD,2025-10-05 21:00:00,0.005608122313371203,pattern_based,21
PQU_GOGO_GD,2025-10-05 22:00:00,0.011219711598496517,pattern_based,22
PQU_GOGO_GD,2025-10-05 23:00:00,0.0,pattern_based,23
PQU_GOGO_GD,2025-10-06 00:00:00,0.6571780119316021,pattern_based,0
PQU_GOGO_GD,2025-10-06 01:00:00,0.1611272257313232,pattern_based,1
PQU_GOGO_GD,2025-10-06 02:00:00,0.0,pattern_based,2
PQU_GOGO_GD,2025-10-06 03:00:00,0.7568101403828691,pattern_based,3
PQU_GOGO_GD,2025-10-06 04:00:00,0.1981796357428691,pattern_based,4
PQU_GOGO_GD,2025-10-06 05:00:00,5.402982426407585,pattern_based,5
PQU_GOGO_GD,2025-10-06 06:00:00,68.5654562325363,pattern_based,6
PQU_GOGO_GD,2025-10-06 07:00:00,261.9224409608984,pattern_based,7
PQU_GOGO_GD,2025-10-06 08:00:00,499.43846975049354,pattern_based,8
PQU_GOGO_GD,2025-10-06 09:00:00,703.0243420131684,pattern_based,9
PQU_GOGO_GD,2025-10-06 10:00:00,845.9995767386874,pattern_based,10
PQU_GOGO_GD,2025-10-06 11:00:00,906.9267756002262,pattern_based,11
PQU_GOGO_GD,2025-10-06 12:00:00,855.6431986349019,pattern_based,12
PQU_GOGO_GD,2025-10-06 13:00:00,799.5525540039478,pattern_based,13
PQU_GOGO_GD,2025-10-06 14:00:00,633.4436878664275,pattern_based,14
PQU_GOGO_GD,2025-10-06 15:00:00,461.9907022612044,pattern_based,15
PQU_GOGO_GD,2025-10-06 16:00:00,256.308202578095,pattern_based,16
PQU_GOGO_GD,2025-10-06 17:00:00,75.7186689325571,pattern_based,17
PQU_GOGO_GD,2025-10-06 18:00:00,4.977423373923166,pattern_based,18
PQU_GOGO_GD,2025-10-06 19:00:00,0.006448888496155398,pattern_based,19
PQU_GOGO_GD,2025-10-06 20:00:00,0.017009161816947053,pattern_based,20
PQU_GOGO_GD,2025-10-06 21:00:00,0.0,pattern_based,21
PQU_GOGO_GD,2025-10-06 22:00:00,0.0,pattern_based,22
PQU_GOGO_GD,2025-10-06 23:00:00,0.0,pattern_based,23
PQU_GOGO_GD,2025-10-07 00:00:00,0.9145382836522877,pattern_based,0
PQU_GOGO_GD,2025-10-07 01:00:00,0.0,pattern_based,1
PQU_GOGO_GD,2025-10-07 02:00:00,0.31088041769710667,pattern_based,2
PQU_GOGO_GD,2025-10-07 03:00:00,0.10067678572120009,pattern_based,3
PQU_GOGO_GD,2025-10-07 04:00:00,0.6439615727821184,pattern_based,4
PQU_GOGO_GD,2025-10-07 05:00:00,5.514166742228538,pattern_based,5
PQU_GOGO_GD,2025-10-07 06:00:00,69.61257186498013,pattern_based,6
PQU_GOGO_GD,2025-10-07 07:00:00,265.9711459001541,pattern_based,7
PQU_GOGO_GD,2025-10-07 08:00:00,516.4478728720286,pattern_based,8
PQU_GOGO_GD,2025-10-07 09:00:00,705.4585793980067,pattern_based,9
PQU_GOGO_GD,2025-10-07 10:00:00,827.617656989131,pattern_based,10
PQU_GOGO_GD,2025-10-07 11:00:00,908.2785301516872,pattern_based,11
PQU_GOGO_GD,2025-10-07 12:00:00,900.8568081445565,pattern_based,12
PQU_GOGO_GD,2025-10-07 13:00:00,771.005460523739,pattern_based,13
PQU_GOGO_GD,2025-10-07 14:00:00,638.9857017874347,pattern_based,14
PQU_GOGO_GD,2025-10-07 15:00:00,454.7283401891187,pattern_based,15
PQU_GOGO_GD,2025-10-07 16:00:00,250.6301145639557,pattern_based,16
PQU_GOGO_GD,2025-10-07 17:00:00,79.0109601721169,pattern_based,17
PQU_GOGO_GD,2025-10-07 18:00:00,4.860810598968272,pattern_based,18
PQU_GOGO_GD,2025-10-07 19:00:00,0.015689732279878233,pattern_based,19
PQU_GOGO_GD,2025-10-07 20:00:00,0.023145664809671097,pattern_based,20
PQU_GOGO_GD,2025-10-07 21:00:00,0.003911355605944501,pattern_based,21
PQU_GOGO_GD,2025-10-07 22:00:00,0.01834594587583516,pattern_based,22
PQU_GOGO_GD,2025-10-07 23:00:00,0.00207830993245307,pattern_based,23
PQU_GOGO_GD,2025-10-08 00:00:00,0.0,pattern_based,0
PQU_GOGO_GD,2025-10-08 01:00:00,0.4252401615012323,pattern_based,1
PQU_GOGO_GD,2025-10-08 02:00:00,0.6898099275438391,pattern_based,2
PQU_GOGO_GD,2025-10-08 03:00:00,0.36229317765594626,pattern_based,3
PQU_GOGO_GD,2025-10-08 04:00:00,0.4671733564938346,pattern_based,4
PQU_GOGO_GD,2025-10-08 05:00:00,5.260450775135527,pattern_based,5
PQU_GOGO_GD,2025-10-08 06:00:00,70.56150549113869,pattern_based,6
PQU_GOGO_GD,2025-10-08 07:00:00,264.1854067256456,pattern_based,7
PQU_GOGO_GD,2025-10-08 08:00:00,495.9936669540236,pattern_based,8
PQU_GOGO_GD,2025-10-08 09:00:00,693.2941847908825,pattern_based,9
PQU_GOGO_GD,2025-10-08 10:00:00,840.0530894546464,pattern_based,10
PQU_GOGO_GD,2025-10-08 11:00:00,889.7177398538088,pattern_based,11
PQU_GOGO_GD,2025-10-08 12:00:00,851.2234130941004,pattern_based,12
PQU_GOGO_GD,2025-10-08 13:00:00,771.9237259692082,pattern_based,13
PQU_GOGO_GD,2025-10-08 14:00:00,648.426346431707,pattern_based,14
PQU_GOGO_GD,2025-10-08 15:00:00,463.10792333831256,pattern_based,15
PQU_GOGO_GD,2025-10-08 16:00:00,251.67268237487448,pattern_based,16
PQU_GOGO_GD,2025-10-08 17:00:00,72.46763082307106,pattern_based,17
PQU_GOGO_GD,2025-10-08 18:00:00,4.820438599758187,pattern_based,18
PQU_GOGO_GD,2025-10-08 19:00:00,0.08574476185364147,pattern_based,19
PQU_GOGO_GD,2025-10-08 20:00:00,0.00873360716512559,pattern_based,20
PQU_GOGO_GD,2025-10-08 21:00:00,0.021806111516161953,pattern_based,21
PQU_GOGO_GD,2025-10-08 22:00:00,0.006247489341634115,pattern_based,22
PQU_GOGO_GD,2025-10-08 23:00:00,0.0,pattern_based,23
PQU_GOGO_GD,2025-10-09 00:00:00,0.4727221005146352,pattern_based,0
PQU_GOGO_GD,2025-10-09 01:00:00,0.023191498903959135,pattern_based,1
PQU_GOGO_GD,2025-10-09 02:00:00,0.686407210403609,pattern_based,2
PQU_GOGO_GD,2025-10-09 03:00:00,0.25768974385141397,pattern_based,3
PQU_GOGO_GD,2025-10-09 04:00:00,0.11160426903917642,pattern_based,4
PQU_GOGO_GD,2025-10-09 05:00:00,4.35695530503053,pattern_based,5
PQU_GOGO_GD,2025-10-09 06:00:00,67.78603200998118,pattern_based,6
PQU_GOGO_GD,2025-10-09 07:00:00,266.60053725647316,pattern_based,7
PQU_GOGO_GD,2025-10-09 08:00:00,504.91694881637426,pattern_based,8
PQU_GOGO_GD,2025-10-09 09:00:00,692.4799656227068,pattern_based,9
PQU_GOGO_GD,2025-10-09 10:00:00,859.3748201814776,pattern_based,10
PQU_GOGO_GD,2025-10-09 11:00:00,901.0001650837327,pattern_based,11
PQU_GOGO_GD,2025-10-09 12:00:00,862.2745057212833,pattern_based,12
PQU_GOGO_GD,2025-10-09 13:00:00,790.3320873014515,pattern_based,13
PQU_GOGO_GD,2025-10-09 14:00:00,649.5195660831387,pattern_based,14
PQU_GOGO_GD,2025-10-09 15:00:00,447.3760679151535,pattern_based,15
PQU_GOGO_GD,2025-10-09 16:00:00,251.69653551040884,pattern_based,16
PQU_GOGO_GD,2025-10-09 17:00:00,72.9668787382053,pattern_based,17
PQU_GOGO_GD,2025-10-09 18:00:00,4.493458754342914,pattern_based,18
PQU_GOGO_GD,2025-10-09 19:00:00,0.1014330859213554,pattern_based,19
PQU_GOGO_GD,2025-10-09 20:00:00,0.0,pattern_based,20
PQU_GOGO_GD,2025-10-09 21:00:00,0.0060550076112185595,pattern_based,21
PQU_GOGO_GD,2025-10-09 22:00:00,0.029874565219510246,pattern_based,22
PQU_GOGO_GD,2025-10-09 23:00:00,0.0,pattern_based,23
PQU_GOGO_GD,2025-10-10 00:00:00,0.678880772226201,pattern_based,0
PQU_GOGO_GD,2025-10-10 01:00:00,0.0,pattern_based,1
PQU_GOGO_GD,2025-10-10 02:00:00,0.0,pattern_based,2
PQU_GOGO_GD,2025-10-10 03:00:00,0.4103231647855814,pattern_based,3
PQU_GOGO_GD,2025-10-10 04:00:00,0.27787124970819366,pattern_based,4
PQU_GOGO_GD,2025-10-10 05:00:00,4.362899148813234,pattern_based,5
PQU_GOGO_GD,2025-10-10 06:00:00,64.95579608835874,pattern_based,6
PQU_GOGO_GD,2025-10-10 07:00:00,262.88896123487694,pattern_based,7
PQU_GOGO_GD,2025-10-10 08:00:00,491.3427212873724,pattern_based,8
PQU_GOGO_GD,2025-10-10 09:00:00,679.8349094668479,pattern_based,9
PQU_GOGO_GD,2025-10-10 10:00:00,846.3411462400283,pattern_based,10
PQU_GOGO_GD,2025-10-10 11:00:00,885.0743740053354,pattern_based,11
PQU_GOGO_GD,2025-10-10 12:00:00,872.4469887315244,pattern_based,12
PQU_GOGO_GD,2025-10-10 13:00:00,757.7225429351214,pattern_based,13
PQU_GOGO_GD,2025-10-10 14:00:00,629.1440688195145,pattern_based,14
PQU_GOGO_GD,2025-10-10 15:00:00,454.6485895141725,pattern_based,15
PQU_GOGO_GD,2025-10-10 16:00:00,252.00127439973687,pattern_based,16
PQU_GOGO_GD,2025-10-10 17:00:00,80.96931158710072,pattern_based,17
PQU_GOGO_GD,2025-10-10 18:00:00,5.886300451907662,pattern_based,18
PQU_GOGO_GD,2025-10-10 19:00:00,0.009614511071361864,pattern_based,19
PQU_GOGO_GD,2025-10-10 20:00:00,0.011425681112043281,pattern_based,20
PQU_GOGO_GD,2025-10-10 21:00:00,0.017615671495748282,pattern_based,21
PQU_GOGO_GD,2025-10-10 22:00:00,0.003083710807750561,pattern_based,22
PQU_GOGO_GD,2025-10-10 23:00:00,0.0,pattern_based,23
PQU_GOGO_GD,2025-10-11 00:00:00,0.011216018542188705,pattern_based,0
PQU_GOGO_GD,2025-10-11 01:00:00,0.03669302305230751,pattern_based,1
PQU_GOGO_GD,2025-10-11 02:00:00,0.6992057777599617,pattern_based,2
PQU_GOGO_GD,2025-10-11 03:00:00,0.02520355164738966,pattern_based,3
PQU_GOGO_GD,2025-10-11 04:00:00,0.0,pattern_based,4
PQU_GOGO_GD,2025-10-11 05:00:00,4.678833322969417,pattern_based,5
PQU_GOGO_GD,2025-10-11 06:00:00,73.03413609414093,pattern_based,6
PQU_GOGO_GD,2025-10-11 07:00:00,266.80739501017763,pattern_based,7
PQU_GOGO_GD,2025-10-11 08:00:00,497.34399618755873,pattern_based,8
PQU_GOGO_GD,2025-10-11 09:00:00,692.323608293635,pattern_based,9
PQU_GOGO_GD,2025-10-11 10:00:00,828.9352722046683,pattern_based,10
PQU_GOGO_GD,2025-10-11 11:00:00,906.0451406200123,pattern_based,11
PQU_GOGO_GD,2025-10-11 12:00:00,878.0078423899164,pattern_based,12
PQU_GOGO_GD,2025-10-11 13:00:00,771.7006078093199,pattern_based,13
PQU_GOGO_GD,2025-10-11 14:00:00,626.6114628532147,pattern_based,14
PQU_GOGO_GD,2025-10-11 15:00:00,455.15967060358196,pattern_based,15
PQU_GOGO_GD,2025-10-11 16:00:00,248.6063194988215,pattern_based,16
PQU_GOGO_GD,2025-10-11 17:00:00,71.42957864920645,pattern_based,17
PQU_GOGO_GD,2025-10-11 18:00:00,5.253269621744409,pattern_based,18
PQU_GOGO_GD,2025-10-11 19:00:00,0.043321024211216974,pattern_based,19
PQU_GOGO_GD,2025-10-11 20:00:00,0.0037747385088174497,pattern_based,20
PQU_GOGO_GD,2025-10-11 21:00:00,0.008558149534567067,pattern_based,21
PQU_GOGO_GD,2025-10-11 22:00:00,0.023284109598891843,pattern_based,22
PQU_GOGO_GD,2025-10-11 23:00:00,0.0,pattern_based,23
PQU_GOGO_GD,2025-10-12 00:00:00,0.2518917436940491,pattern_based,0
PQU_GOGO_GD,2025-10-12 01:00:00,0.9030037385613486,pattern_based,1
PQU_GOGO_GD,2025-10-12 02:00:00,0.05106427202958497,pattern_based,2
PQU_GOGO_GD,2025-10-12 03:00:00,0.0,pattern_based,3
PQU_GOGO_GD,2025-10-12 04:00:00,0.3376524662621077,pattern_based,4
PQU_GOGO_GD,2025-10-12 05:00:00,5.256112187990016,pattern_based,5
PQU_GOGO_GD,2025-10-12 06:00:00,69.95941310210846,pattern_based,6
PQU_GOGO_GD,2025-10-12 07:00:00,259.15893891359457,pattern_based,7
PQU_GOGO_GD,2025-10-12 08:00:00,496.8449481794984,pattern_based,8
PQU_GOGO_GD,2025-10-12 09:00:00,707.1973563110333,pattern_based,9
PQU_GOGO_GD,2025-10-12 10:00:00,827.078543831164,pattern_based,10
PQU_GOGO_GD,2025-10-12 11:00:00,870.9198651064894,pattern_based,11
PQU_GOGO_GD,2025-10-12 12:00:00,860.2430391228573,pattern_based,12
PQU_GOGO_GD,2025-10-12 13:00:00,780.6732101868389,pattern_based,13
PQU_GOGO_GD,2025-10-12 14:00:00,630.5318865374962,pattern_based,14
PQU_GOGO_GD,2025-10-12 15:00:00,468.1175619491921,pattern_based,15
PQU_GOGO_GD,2025-10-12 16:00:00,259.1801388150183,pattern_based,16
PQU_GOGO_GD,2025-10-12 17:00:00,74.38498896058339,pattern_based,17
PQU_GOGO_GD,2025-10-12 18:00:00,4.259998116061958,pattern_based,18
PQU_GOGO_GD,2025-10-12 19:00:00,0.025818271665475796,pattern_based,19
PQU_GOGO_GD,2025-10-12 20:00:00,0.0,pattern_based,20
PQU_GOGO_GD,2025-10-12 21:00:00,0.0,pattern_based,21
PQU_GOGO_GD,2025-10-12 22:00:00,0.012906921234954443,pattern_based,22
PQU_GOGO_GD,2025-10-12 23:00:00,0.0013228730211727949,pattern_based,23
PQU_GOGO_GD,2025-10-13 00:00:00,0.34138020742216074,pattern_based,0
PQU_GOGO_GD,2025-10-13 01:00:00,0.46381480338615416,pattern_based,1
PQU_GOGO_GD,2025-10-13 02:00:00,0.4848462939508009,pattern_based,2
PQU_GOGO_GD,2025-10-13 03:00:00,0.25656162887059647,pattern_based,3
PQU_GOGO_GD,2025-10-13 04:00:00,1.0435802618606151,pattern_based,4
PQU_GOGO_GD,2025-10-13 05:00:00,5.584835349201158,pattern_based,5
PQU_GOGO_GD,2025-10-13 06:00:00,67.09530890265788,pattern_based,6
PQU_GOGO_GD,2025-10-13 07:00:00,268.7768535424102,pattern_based,7
PQU_GOGO_GD,2025-10-13 08:00:00,488.38144075238245,pattern_based,8
PQU_GOGO_GD,2025-10-13 09:00:00,698.2780526523632,pattern_based,9
PQU_GOGO_GD,2025-10-13 10:00:00,850.2527748925069,pattern_based,10
PQU_GOGO_GD,2025-10-13 11:00:00,898.5033922549443,pattern_based,11
PQU_GOGO_GD,2025-10-13 12:00:00,861.8746489088528,pattern_based,12
PQU_GOGO_GD,2025-10-13 13:00:00,775.1237373524301,pattern_based,13
PQU_GOGO_GD,2025-10-13 14:00:00,639.4786700186298,pattern_based,14
PQU_GOGO_GD,2025-10-13 15:00:00,452.9871876355221,pattern_based,15
PQU_GOGO_GD,2025-10-13 16:00:00,247.56694453341788,pattern_based,16
PQU_GOGO_GD,2025-10-13 17:00:00,77.01031611015787,pattern_based,17
PQU_GOGO_GD,2025-10-13 18:00:00,4.9873275079541415,pattern_based,18
PQU_GOGO_GD,2025-10-13 19:00:00,0.01662983834208054,pattern_based,19
PQU_GOGO_GD,2025-10-13 20:00:00,0.02152462467714153,pattern_based,20
PQU_GOGO_GD,2025-10-13 21:00:00,0.0,pattern_based,21
PQU_GOGO_GD,2025-10-13 22:00:00,0.016526078450229263,pattern_based,22
PQU_GOGO_GD,2025-10-13 23:00:00,0.00015183222711080777,pattern_based,23
PQU_GOGO_GD,2025-10-14 00:00:00,0.0,pattern_based,0
PQU_GOGO_GD,2025-10-14 01:00:00,0.22565607622578762,pattern_based,1
PQU_GOGO_GD,2025-10-14 02:00:00,0.0,pattern_based,2
PQU_GOGO_GD,2025-10-14 03:00:00,0.5920909926840989,pattern_based,3
PQU_GOGO_GD,2025-10-14 04:00:00,0.3100543951853322,pattern_based,4
PQU_GOGO_GD,2025-10-14 05:00:00,4.92957722058723,pattern_based,5
PQU_GOGO_GD,2025-10-14 06:00:00,68.78434408300629,pattern_based,6
PQU_GOGO_GD,2025-10-14 07:00:00,263.19214188232326,pattern_based,7
PQU_GOGO_GD,2025-10-14 08:00:00,504.5924682025207,pattern_based,8
PQU_GOGO_GD,2025-10-14 09:00:00,702.0139125397371,pattern_based,9
PQU_GOGO_GD,2025-10-14 10:00:00,810.2287758016114,pattern_based,10
PQU_GOGO_GD,2025-10-14 11:00:00,896.3724838151891,pattern_based,11
PQU_GOGO_GD,2025-10-14 12:00:00,882.518240534108,pattern_based,12
PQU_GOGO_GD,2025-10-14 13:00:00,781.6254520805163,pattern_based,13
PQU_GOGO_GD,2025-10-14 14:00:00,637.163911193133,pattern_based,14
PQU_GOGO_GD,2025-10-14 15:00:00,451.25769382168556,pattern_based,15
PQU_GOGO_GD,2025-10-14 16:00:00,249.54677699534716,pattern_based,16
PQU_GOGO_GD,2025-10-14 17:00:00,77.22962926009077,pattern_based,17
PQU_GOGO_GD,2025-10-14 18:00:00,5.03263300018821,pattern_based,18
PQU_GOGO_GD,2025-10-14 19:00:00,0.0372313147369006,pattern_based,19
PQU_GOGO_GD,2025-10-14 20:00:00,0.00783567464073456,pattern_based,20
PQU_GOGO_GD,2025-10-14 21:00:00,0.0,pattern_based,21
PQU_GOGO_GD,2025-10-14 22:00:00,0.0033425703240228767,pattern_based,22
PQU_GOGO_GD,2025-10-14 23:00:00,0.0,pattern_based,23
PQU_GOGO_GD,2025-10-15 00:00:00,0.5378028394591186,pattern_based,0
PQU_GOGO_GD,2025-10-15 01:00:00,1.0412130938989193,pattern_based,1
PQU_GOGO_GD,2025-10-15 02:00:00,0.20917654662768692,pattern_based,2
PQU_GOGO_GD,2025-10-15 03:00:00,0.0,pattern_based,3
PQU_GOGO_GD,2025-10-15 04:00:00,0.0,pattern_based,4
PQU_GOGO_GD,2025-10-15 05:00:00,4.352944583118826,pattern_based,5
PQU_GOGO_GD,2025-10-15 06:00:00,72.73516341988716,pattern_based,6
PQU_GOGO_GD,2025-10-15 07:00:00,270.6668191955281,pattern_based,7
PQU_GOGO_GD,2025-10-15 08:00:00,490.6917562622501,pattern_based,8
PQU_GOGO_GD,2025-10-15 09:00:00,691.8765043148943,pattern_based,9
PQU_GOGO_GD,2025-10-15 10:00:00,842.8984428260871,pattern_based,10
PQU_GOGO_GD,2025-10-15 11:00:00,892.5239644036502,pattern_based,11
PQU_GOGO_GD,2025-10-15 12:00:00,888.392121026873,pattern_based,12
PQU_GOGO_GD,2025-10-15 13:00:00,765.0806631948051,pattern_based,13
PQU_GOGO_GD,2025-10-15 14:00:00,639.2436231027615,pattern_based,14
PQU_GOGO_GD,2025-10-15 15:00:00,456.38962482284865,pattern_based,15
PQU_GOGO_GD,2025-10-15 16:00:00,254.04246152693963,pattern_based,16
PQU_GOGO_GD,2025-10-15 17:00:00,76.6825470229991,pattern_based,17
PQU_GOGO_GD,2025-10-15 18:00:00,5.033562898158056,pattern_based,18
PQU_GOGO_GD,2025-10-15 19:00:00,0.02486911990892076,pattern_based,19
PQU_GOGO_GD,2025-10-15 20:00:00,0.0,pattern_based,20
PQU_GOGO_GD,2025-10-15 21:00:00,0.0008050536225857816,pattern_based,21
PQU_GOGO_GD,2025-10-15 22:00:00,0.013762201274503718,pattern_based,22
PQU_GOGO_GD,2025-10-15 23:00:00,0.020911013599101014,pattern_based,23
PQU_GOGO_GD,2025-10-16 00:00:00,0.25832182581596314,pattern_based,0
PQU_GOGO_GD,2025-10-16 01:00:00,0.24601824676400236,pattern_based,1
PQU_GOGO_GD,2025-10-16 02:00:00,0.45271286789523646,pattern_based,2
PQU_GOGO_GD,2025-10-16 03:00:00,0.4299607724207055,pattern_based,3
PQU_GOGO_GD,2025-10-16 04:00:00,0.5814264258952794,pattern_based,4
PQU_GOGO_GD,2025-10-16 05:00:00,5.065215419008247,pattern_based,5
PQU_GOGO_GD,2025-10-16 06:00:00,68.6895272246026,pattern_based,6
PQU_GOGO_GD,2025-10-16 07:00:00,265.1775615140765,pattern_based,7
PQU_GOGO_GD,2025-10-16 08:00:00,505.9305155705576,pattern_based,8
PQU_GOGO_GD,2025-10-16 09:00:00,701.7091408736957,pattern_based,9
PQU_GOGO_GD,2025-10-16 10:00:00,819.8442219620708,pattern_based,10
PQU_GOGO_GD,2025-10-16 11:00:00,933.1579131880486,pattern_based,11
PQU_GOGO_GD,2025-10-16 12:00:00,869.3396806387686,pattern_based,12
PQU_GOGO_GD,2025-10-16 13:00:00,768.6205756072897,pattern_based,13
PQU_GOGO_GD,2025-10-16 14:00:00,631.438774486224,pattern_based,14
PQU_GOGO_GD,2025-10-16 15:00:00,456.3816807109346,pattern_based,15
PQU_GOGO_GD,2025-10-16 16:00:00,248.75099052237874,pattern_based,16
PQU_GOGO_GD,2025-10-16 17:00:00,76.96513001278657,pattern_based,17
PQU_GOGO_GD,2025-10-16 18:00:00,5.1357765525820485,pattern_based,18
PQU_GOGO_GD,2025-10-16 19:00:00,0.0229806493126083,pattern_based,19
PQU_GOGO_GD,2025-10-16 20:00:00,0.0,pattern_based,20
PQU_GOGO_GD,2025-10-16 21:00:00,0.0,pattern_based,21
PQU_GOGO_GD,2025-10-16 22:00:00,0.01345549790391606,pattern_based,22
PQU_GOGO_GD,2025-10-16 23:00:00,0.014832269191520447,pattern_based,23
PQU_GOGO_GD,2025-10-17 00:00:00,0.3083201297611413,pattern_based,0
PQU_GOGO_GD,2025-10-17 01:00:00,0.700766463274404,pattern_based,1
PQU_GOGO_GD,2025-10-17 02:00:00,0.5057579150773114,pattern_based,2
PQU_GOGO_GD,2025-10-17 03:00:00,0.0,pattern_based,3
PQU_GOGO_GD,2025-10-17 04:00:00,0.0,pattern_based,4
PQU_GOGO_GD,2025-10-17 05:00:00,4.63463432023059,pattern_based,5
PQU_GOGO_GD,2025-10-17 06:00:00,71.86746537190106,pattern_based,6
PQU_GOGO_GD,2025-10-17 07:00:00,268.9838274495823,pattern_based,7
PQU_GOGO_GD,2025-10-17 08:00:00,482.01710559936754,pattern_based,8
PQU_GOGO_GD,2025-10-17 09:00:00,687.9511868541416,pattern_based,9
PQU_GOGO_GD,2025-10-17 10:00:00,847.6060932305253,pattern_based,10
PQU_GOGO_GD,2025-10-17 11:00:00,881.9225902913436,pattern_based,11
PQU_GOGO_GD,2025-10-17 12:00:00,875.6960823222806,pattern_based,12
PQU_GOGO_GD,2025-10-17 13:00:00,784.75851722129,pattern_based,13
PQU_GOGO_GD,2025-10-17 14:00:00,650.1002065123563,pattern_based,14
PQU_GOGO_GD,2025-10-17 15:00:00,448.93768759471095,pattern_based,15
PQU_GOGO_GD,2025-10-17 16:00:00,255.20780899901416,pattern_based,16
PQU_GOGO_GD,2025-10-17 17:00:00,74.47652463097886,pattern_based,17
PQU_GOGO_GD,2025-10-17 18:00:00,4.4879920093767645,pattern_based,18
PQU_GOGO_GD,2025-10-17 19:00:00,0.0014673592662237736,pattern_based,19
PQU_GOGO_GD,2025-10-17 20:00:00,0.0008945589697258692,pattern_based,20
PQU_GOGO_GD,2025-10-17 21:00:00,0.003994580528254559,pattern_based,21
PQU_GOGO_GD,2025-10-17 22:00:00,0.0,pattern_based,22
PQU_GOGO_GD,2025-10-17 23:00:00,0.007795926609370711,pattern_based,23
PQU_GOGO_GD,2025-10-18 00:00:00,0.03395355355580118,pattern_based,0
PQU_GOGO_GD,2025-10-18 01:00:00,0.18809622966335143,pattern_based,1
PQU_GOGO_GD,2025-10-18 02:00:00,0.0,pattern_based,2
PQU_GOGO_GD,2025-10-18 03:00:00,0.0,pattern_based,3
PQU_GOGO_GD,2025-10-18 04:00:00,0.28247139844783364,pattern_based,4
PQU_GOGO_GD,2025-10-18 05:00:00,4.877573993260843,pattern_based,5
PQU_GOGO_GD,2025-10-18 06:00:00,68.39578280142474,pattern_based,6
PQU_GOGO_GD,2025-10-18 07:00:00,261.9892416153287,pattern_based,7
PQU_GOGO_GD,2025-10-18 08:00:00,492.89081912211583,pattern_based,8
PQU_GOGO_GD,2025-10-18 09:00:00,689.5203517417257,pattern_based,9
PQU_GOGO_GD,2025-10-18 10:00:00,836.7106097373875,pattern_based,10
PQU_GOGO_GD,2025-10-18 11:00:00,905.4340114853048,pattern_based,11
PQU_GOGO_GD,2025-10-18 12:00:00,882.9459758222694,pattern_based,12
PQU_GOGO_GD,2025-10-18 13:00:00,765.8919511740988,pattern_based,13
PQU_GOGO_GD,2025-10-18 14:00:00,652.3285781002551,pattern_based,14
PQU_GOGO_GD,2025-10-18 15:00:00,450.4157964679475,pattern_based,15
PQU_GOGO_GD,2025-10-18 16:00:00,245.63451541142592,pattern_based,16
PQU_GOGO_GD,2025-10-18 17:00:00,75.40671500607705,pattern_based,17
PQU_GOGO_GD,2025-10-18 18:00:00,4.820732590550141,pattern_based,18
PQU_GOGO_GD,2025-10-18 19:00:00,0.0,pattern_based,19
PQU_GOGO_GD,2025-10-18 20:00:00,0.01563942751398,pattern_based,20
PQU_GOGO_GD,2025-10-18 21:00:00,0.009692297923755321,pattern_based,21
PQU_GOGO_GD,2025-10-18 22:00:00,0.009104005311364393,pattern_based,22
PQU_GOGO_GD,2025-10-18 23:00:00,0.014455442973930588,pattern_based,23
PQU_GOGO_GD,2025-10-19 00:00:00,0.3846194310399948,pattern_based,0
PQU_GOGO_GD,2025-10-19 01:00:00,0.1179449500741004,pattern_based,1
PQU_GOGO_GD,2025-10-19 02:00:00,0.3363943775062766,pattern_based,2
PQU_GOGO_GD,2025-10-19 03:00:00,0.5262326467144192,pattern_based,3
PQU_GOGO_GD,2025-10-19 04:00:00,0.25736260914375286,pattern_based,4
PQU_GOGO_GD,2025-10-19 05:00:00,4.437950034427898,pattern_based,5
PQU_GOGO_GD,2025-10-19 06:00:00,68.3640323997106,pattern_based,6
PQU_GOGO_GD,2025-10-19 07:00:00,268.2059415157512,pattern_based,7
PQU_GOGO_GD,2025-10-19 08:00:00,497.2487594664393,pattern_based,8
PQU_GOGO_GD,2025-10-19 09:00:00,676.046837582909,pattern_based,9
PQU_GOGO_GD,2025-10-19 10:00:00,823.5618768458331,pattern_based,10
PQU_GOGO_GD,2025-10-19 11:00:00,870.6960824011953,pattern_based,11
PQU_GOGO_GD,2025-10-19 12:00:00,863.9201876418192,pattern_based,12
PQU_GOGO_GD,2025-10-19 13:00:00,770.4855050925529,pattern_based,13
PQU_GOGO_GD,2025-10-19 14:00:00,648.9853035978895,pattern_based,14
PQU_GOGO_GD,2025-10-19 15:00:00,451.67421685481844,pattern_based,15
PQU_GOGO_GD,2025-10-19 16:00:00,251.49123599581773,pattern_based,16
PQU_GOGO_GD,2025-10-19 17:00:00,73.32553327256927,pattern_based,17
PQU_GOGO_GD,2025-10-19 18:00:00,4.926048932142752,pattern_based,18
PQU_GOGO_GD,2025-10-19 19:00:00,0.03250773544551779,pattern_based,19
PQU_GOGO_GD,2025-10-19 20:00:00,0.02589738929112168,pattern_based,20
PQU_GOGO_GD,2025-10-19 21:00:00,0.0036971050734853476,pattern_based,21
PQU_GOGO_GD,2025-10-19 22:00:00,0.002694324230707236,pattern_based,22
PQU_GOGO_GD,2025-10-19 23:00:00,0.01237554599619992,pattern_based,23
PQU_GOGO_GD,2025-10-20 00:00:00,0.2770124204615986,pattern_based,0
PQU_GOGO_GD,2025-10-20 01:00:00,0.18282042125614067,pattern_based,1
PQU_GOGO_GD,2025-10-20 02:00:00,0.0,pattern_based,2
PQU_GOGO_GD,2025-10-20 03:00:00,0.0,pattern_based,3
PQU_GOGO_GD,2025-10-20 04:00:00,0.24436056873643555,pattern_based,4
PQU_GOGO_GD,2025-10-20 05:00:00,5.173760282530931,pattern_based,5
PQU_GOGO_GD,2025-10-20 06:00:00,74.22384708543206,pattern_based,6
PQU_GOGO_GD,2025-10-20 07:00:00,258.3475032080295,pattern_based,7
PQU_GOGO_GD,2025-10-20 08:00:00,486.9815127796034,pattern_based,8
PQU_GOGO_GD,2025-10-20 09:00:00,703.8516798668606,pattern_based,9
PQU_GOGO_GD,2025-10-20 10:00:00,853.2544148666901,pattern_based,10
PQU_GOGO_GD,2025-10-20 11:00:00,888.0429372692024,pattern_based,11
PQU_GOGO_GD,2025-10-20 12:00:00,861.5455254556816,pattern_based,12
PQU_GOGO_GD,2025-10-20 13:00:00,792.6839529142172,pattern_based,13
PQU_GOGO_GD,2025-10-20 14:00:00,628.4016810179654,pattern_based,14
PQU_GOGO_GD,2025-10-20 15:00:00,461.5698386294528,pattern_based,15
PQU_GOGO_GD,2025-10-20 16:00:00,249.2339136755037,pattern_based,16
PQU_GOGO_GD,2025-10-20 17:00:00,75.33442391746159,pattern_based,17
PQU_GOGO_GD,2025-10-20 18:00:00,5.484157593073725,pattern_based,18
PQU_GOGO_GD,2025-10-20 19:00:00,0.056812387647808604,pattern_based,19
PQU_GOGO_GD,2025-10-20 20:00:00,0.0,pattern_based,20
PQU_GOGO_GD,2025-10-20 21:00:00,0.003866824528031829,pattern_based,21
PQU_GOGO_GD,2025-10-20 22:00:00,0.005952164372472782,pattern_based,22
PQU_GOGO_GD,2025-10-20 23:00:00,0.0,pattern_based,23
PQU_GOGO_GD,2025-10-21 00:00:00,0.03472863471422552,pattern_based,0
PQU_GOGO_GD,2025-10-21 01:00:00,0.0,pattern_based,1
PQU_GOGO_GD,2025-10-21 02:00:00,0.821004268752991,pattern_based,2
PQU_GOGO_GD,2025-10-21 03:00:00,0.15024903899164474,pattern_based,3
PQU_GOGO_GD,2025-10-21 04:00:00,0.12595467638401686,pattern_based,4
PQU_GOGO_GD,2025-10-21 05:00:00,4.182779491205596,pattern_based,5
PQU_GOGO_GD,2025-10-21 06:00:00,71.85983643290993,pattern_based,6
PQU_GOGO_GD,2025-10-21 07:00:00,274.72346628713217,pattern_based,7
PQU_GOGO_GD,2025-10-21 08:00:00,481.67066992870366,pattern_based,8
PQU_GOGO_GD,2025-10-21 09:00:00,690.7056946163781,pattern_based,9
PQU_GOGO_GD,2025-10-21 10:00:00,842.0688972228539,pattern_based,10
PQU_GOGO_GD,2025-10-21 11:00:00,895.0577176067748,pattern_based,11
PQU_GOGO_GD,2025-10-21 12:00:00,896.404947067339,pattern_based,12
PQU_GOGO_GD,2025-10-21 13:00:00,790.0359042763185,pattern_based,13
PQU_GOGO_GD,2025-10-21 14:00:00,632.0002334333761,pattern_based,14
PQU_GOGO_GD,2025-10-21 15:00:00,454.74372244358824,pattern_based,15
PQU_GOGO_GD,2025-10-21 16:00:00,248.4165362051015,pattern_based,16
PQU_GOGO_GD,2025-10-21 17:00:00,77.61379012145588,pattern_based,17
PQU_GOGO_GD,2025-10-21 18:00:00,4.171219111639801,pattern_based,18
PQU_GOGO_GD,2025-10-21 19:00:00,0.05524814720723137,pattern_based,19
PQU_GOGO_GD,2025-10-21 20:00:00,0.0,pattern_based,20
PQU_GOGO_GD,2025-10-21 21:00:00,0.015111248110869183,pattern_based,21
PQU_GOGO_GD,2025-10-21 22:00:00,0.010915462017360131,pattern_based,22
PQU_GOGO_GD,2025-10-21 23:00:00,0.01880345378535238,pattern_based,23
PQU_GOGO_GD,2025-10-22 00:00:00,0.0,pattern_based,0
PQU_GOGO_GD,2025-10-22 01:00:00,0.2535705674232456,pattern_based,1
PQU_GOGO_GD,2025-10-22 02:00:00,0.0,pattern_based,2
PQU_GOGO_GD,2025-10-22 03:00:00,0.4474222195589541,pattern_based,3
PQU_GOGO_GD,2025-10-22 04:00:00,0.0,pattern_based,4
PQU_GOGO_GD,2025-10-22 05:00:00,4.574381146452664,pattern_based,5
PQU_GOGO_GD,2025-10-22 06:00:00,67.67512363099513,pattern_based,6
PQU_GOGO_GD,2025-10-22 07:00:00,266.48832069295895,pattern_based,7
PQU_GOGO_GD,2025-10-22 08:00:00,503.4653594070674,pattern_based,8
PQU_GOGO_GD,2025-10-22 09:00:00,707.7958583912474,pattern_based,9
PQU_GOGO_GD,2025-10-22 10:00:00,822.7518081031608,pattern_based,10
PQU_GOGO_GD,2025-10-22 11:00:00,904.5350892503404,pattern_based,11
PQU_GOGO_GD,2025-10-22 12:00:00,871.990140823818,pattern_based,12
PQU_GOGO_GD,2025-10-22 13:00:00,787.3806348523847,pattern_based,13
PQU_GOGO_GD,2025-10-22 14:00:00,650.1577812810633,pattern_based,14
PQU_GOGO_GD,2025-10-22 15:00:00,454.92198179970444,pattern_based,15
PQU_GOGO_GD,2025-10-22 16:00:00,249.8236120347868,pattern_based,16
PQU_GOGO_GD,2025-10-22 17:00:00,77.89778807670652,pattern_based,17
PQU_GOGO_GD,2025-10-22 18:00:00,4.8312662052219455,pattern_based,18
PQU_GOGO_GD,2025-10-22 19:00:00,0.0529601551500001,pattern_based,19
PQU_GOGO_GD,2025-10-22 20:00:00,0.006672552819668671,pattern_based,20
PQU_GOGO_GD,2025-10-22 21:00:00,0.0033007091573336663,pattern_based,21
PQU_GOGO_GD,2025-10-22 22:00:00,0.022651991017249764,pattern_based,22
PQU_GOGO_GD,2025-10-22 23:00:00,0.0,pattern_based,23
PQU_GOGO_GD,2025-10-23 00:00:00,0.3107819312486111,pattern_based,0
PQU_GOGO_GD,2025-10-23 01:00:00,0.0,pattern_based,1
PQU_GOGO_GD,2025-10-23 02:00:00,0.5454080646073323,pattern_based,2
PQU_GOGO_GD,2025-10-23 03:00:00,0.37117097038537444,pattern_based,3
PQU_GOGO_GD,2025-10-23 04:00:00,0.4089457913934218,pattern_based,4
PQU_GOGO_GD,2025-10-23 05:00:00,3.646166515067331,pattern_based,5
PQU_GOGO_GD,2025-10-23 06:00:00,71.52641769764311,pattern_based,6
PQU_GOGO_GD,2025-10-23 07:00:00,262.4037775505131,pattern_based,7
PQU_GOGO_GD,2025-10-23 08:00:00,493.68432353894445,pattern_based,8
PQU_GOGO_GD,2025-10-23 09:00:00,704.9202715282056,pattern_based,9
PQU_GOGO_GD,2025-10-23 10:00:00,849.2912822925041,pattern_based,10
PQU_GOGO_GD,2025-10-23 11:00:00,918.4258712973763,pattern_based,11
PQU_GOGO_GD,2025-10-23 12:00:00,897.1215127142771,pattern_based,12
PQU_GOGO_GD,2025-10-23 13:00:00,777.9183743324671,pattern_based,13
PQU_GOGO_GD,2025-10-23 14:00:00,648.5576086443758,pattern_based,14
PQU_GOGO_GD,2025-10-23 15:00:00,462.02758340068095,pattern_based,15
PQU_GOGO_GD,2025-10-23 16:00:00,254.65395575201762,pattern_based,16
PQU_GOGO_GD,2025-10-23 17:00:00,74.7470591404964,pattern_based,17
PQU_GOGO_GD,2025-10-23 18:00:00,5.041801575083662,pattern_based,18
PQU_GOGO_GD,2025-10-23 19:00:00,0.018525352537166903,pattern_based,19
PQU_GOGO_GD,2025-10-23 20:00:00,0.0028940192098392365,pattern_based,20
PQU_GOGO_GD,2025-10-23 21:00:00,0.03211450058563161,pattern_based,21
PQU_GOGO_GD,2025-10-23 22:00:00,0.009784999505551697,pattern_based,22
PQU_GOGO_GD,2025-10-23 23:00:00,0.011845448351330109,pattern_based,23
PQU_GOGO_GD,2025-10-24 00:00:00,0.1862472908449431,pattern_based,0
PQU_GOGO_GD,2025-10-24 01:00:00,0.0,pattern_based,1
PQU_GOGO_GD,2025-10-24 02:00:00,0.0,pattern_based,2
PQU_GOGO_GD,2025-10-24 03:00:00,0.07150641648921488,pattern_based,3
PQU_GOGO_GD,2025-10-24 04:00:00,0.4380137624138682,pattern_based,4
PQU_GOGO_GD,2025-10-24 05:00:00,5.200076469358599,pattern_based,5
PQU_GOGO_GD,2025-10-24 06:00:00,74.64457980264135,pattern_based,6
PQU_GOGO_GD,2025-10-24 07:00:00,257.81249073433275,pattern_based,7
PQU_GOGO_GD,2025-10-24 08:00:00,505.8202964527228,pattern_based,8
PQU_GOGO_GD,2025-10-24 09:00:00,687.231497659853,pattern_based,9
PQU_GOGO_GD,2025-10-24 10:00:00,861.8710208670088,pattern_based,10
PQU_GOGO_GD,2025-10-24 11:00:00,877.3911592129062,pattern_based,11
PQU_GOGO_GD,2025-10-24 12:00:00,875.7691802080243,pattern_based,12
PQU_GOGO_GD,2025-10-24 13:00:00,783.865752218664,pattern_based,13
PQU_GOGO_GD,2025-10-24 14:00:00,635.4465866865655,pattern_based,14
PQU_GOGO_GD,2025-10-24 15:00:00,452.25133836879996,pattern_based,15
PQU_GOGO_GD,2025-10-24 16:00:00,247.48422337166966,pattern_based,16
PQU_GOGO_GD,2025-10-24 17:00:00,79.51552604030873,pattern_based,17
PQU_GOGO_GD,2025-10-24 18:00:00,4.931613473800175,pattern_based,18
PQU_GOGO_GD,2025-10-24 19:00:00,0.050173811799179624,pattern_based,19
PQU_GOGO_GD,2025-10-24 20:00:00,0.0,pattern_based,20
PQU_GOGO_GD,2025-10-24 21:00:00,0.012034592558087117,pattern_based,21
PQU_GOGO_GD,2025-10-24 22:00:00,0.0,pattern_based,22
PQU_GOGO_GD,2025-10-24 23:00:00,0.01739518297165364,pattern_based,23
PQU_GOGO_GD,2025-10-25 00:00:00,0.29195869101395705,pattern_based,0
PQU_GOGO_GD,2025-10-25 01:00:00,0.3480207271941422,pattern_based,1
PQU_GOGO_GD,2025-10-25 02:00:00,0.5731823952394256,pattern_based,2
PQU_GOGO_GD,2025-10-25 03:00:00,0.0,pattern_based,3
PQU_GOGO_GD,2025-10-25 04:00:00,0.527835136262979,pattern_based,4
PQU_GOGO_GD,2025-10-25 05:00:00,5.368769328419902,pattern_based,5
PQU_GOGO_GD,2025-10-25 06:00:00,67.48981517818049,pattern_based,6
PQU_GOGO_GD,2025-10-25 07:00:00,265.9879333975009,pattern_based,7
PQU_GOGO_GD,2025-10-25 08:00:00,502.1606639096225,pattern_based,8
PQU_GOGO_GD,2025-10-25 09:00:00,672.7749754077093,pattern_based,9
PQU_GOGO_GD,2025-10-25 10:00:00,823.2565242364597,pattern_based,10
PQU_GOGO_GD,2025-10-25 11:00:00,908.7387068732174,pattern_based,11
PQU_GOGO_GD,2025-10-25 12:00:00,897.1483973162312,pattern_based,12
PQU_GOGO_GD,2025-10-25 13:00:00,779.9673922916186,pattern_based,13
PQU_GOGO_GD,2025-10-25 14:00:00,619.9313633238263,pattern_based,14
PQU_GOGO_GD,2025-10-25 15:00:00,460.32502308381777,pattern_based,15
PQU_GOGO_GD,2025-10-25 16:00:00,249.586174250605,pattern_based,16
PQU_GOGO_GD,2025-10-25 17:00:00,76.79389761716509,pattern_based,17
PQU_GOGO_GD,2025-10-25 18:00:00,5.0211728238427025,pattern_based,18
PQU_GOGO_GD,2025-10-25 19:00:00,0.05481585342817731,pattern_based,19
PQU_GOGO_GD,2025-10-25 20:00:00,0.0,pattern_based,20
PQU_GOGO_GD,2025-10-25 21:00:00,0.00405001839911063,pattern_based,21
PQU_GOGO_GD,2025-10-25 22:00:00,0.00816979528420079,pattern_based,22
PQU_GOGO_GD,2025-10-25 23:00:00,0.014453451542178291,pattern_based,23
